"Rank","AvgValidacoes","Folder","Link"
"1","8.089431","navarro","https://github.com/zanfranceschi/rinha-de-backend-2024-q1/tree/main/participantes/navarro"
"2","8.138211","maxwell-fs","https://github.com/zanfranceschi/rinha-de-backend-2024-q1/tree/main/participantes/maxwell-fs"
"3","8.593496","levifonseca","https://github.com/zanfranceschi/rinha-de-backend-2024-q1/tree/main/participantes/levifonseca"
"4","8.788618","vifonsec4-lb-khd0","https://github.com/zanfranceschi/rinha-de-backend-2024-q1/tree/main/participantes/vifonsec4-lb-khd0"
"5","9.276423","navarro-espora-embedded","https://github.com/zanfranceschi/rinha-de-backend-2024-q1/tree/main/participantes/navarro-espora-embedded"
"6","9.276423","rodolphovs-c-db","https://github.com/zanfranceschi/rinha-de-backend-2024-q1/tree/main/participantes/rodolphovs-c-db"
"7","9.504065","reonardoleis","https://github.com/zanfranceschi/rinha-de-backend-2024-q1/tree/main/participantes/reonardoleis"
"8","9.544715","lbaesso-dotnet","https://github.com/zanfranceschi/rinha-de-backend-2024-q1/tree/main/participantes/lbaesso-dotnet"
"9","9.593496","carloseduard0","https://github.com/zanfranceschi/rinha-de-backend-2024-q1/tree/main/participantes/carloseduard0"
"10","9.626016","rafaelrcamargo","https://github.com/zanfranceschi/rinha-de-backend-2024-q1/tree/main/participantes/rafaelrcamargo"
"11","9.731707","rodolphovs","https://github.com/zanfranceschi/rinha-de-backend-2024-q1/tree/main/participantes/rodolphovs"
"12","9.764228","rayan-rust","https://github.com/zanfranceschi/rinha-de-backend-2024-q1/tree/main/participantes/rayan-rust"
"13","9.861789","galodoido","https://github.com/zanfranceschi/rinha-de-backend-2024-q1/tree/main/participantes/galodoido"
"14","9.99187","marcosqueiroga","https://github.com/zanfranceschi/rinha-de-backend-2024-q1/tree/main/participantes/marcosqueiroga"
"15","9.99187","thusspokebieu-rust","https://github.com/zanfranceschi/rinha-de-backend-2024-q1/tree/main/participantes/thusspokebieu-rust"
"16","10","felipemarkson-rust","https://github.com/zanfranceschi/rinha-de-backend-2024-q1/tree/main/participantes/felipemarkson-rust"
"17","10.04065","rodrigocaldeira-c","https://github.com/zanfranceschi/rinha-de-backend-2024-q1/tree/main/participantes/rodrigocaldeira-c"
"18","10.178862","renatolfc-🦀","https://github.com/zanfranceschi/rinha-de-backend-2024-q1/tree/main/participantes/renatolfc-🦀"
"19","10.252033","asfernandes-cpp-haproxy-mongoose-firebird","https://github.com/zanfranceschi/rinha-de-backend-2024-q1/tree/main/participantes/asfernandes-cpp-haproxy-mongoose-firebird"
"20","10.373984","tiagoguerreirodev-go","https://github.com/zanfranceschi/rinha-de-backend-2024-q1/tree/main/participantes/tiagoguerreirodev-go"
"21","10.747967","thusspokebieu-activej","https://github.com/zanfranceschi/rinha-de-backend-2024-q1/tree/main/participantes/thusspokebieu-activej"
"22","10.813008","alexandrepossebom-rust","https://github.com/zanfranceschi/rinha-de-backend-2024-q1/tree/main/participantes/alexandrepossebom-rust"
"23","10.853659","nmessias","https://github.com/zanfranceschi/rinha-de-backend-2024-q1/tree/main/participantes/nmessias"
"24","10.886179","rodolphovs-rs","https://github.com/zanfranceschi/rinha-de-backend-2024-q1/tree/main/participantes/rodolphovs-rs"
"25","10.99187","felipe-alcantara-actor-model","https://github.com/zanfranceschi/rinha-de-backend-2024-q1/tree/main/participantes/felipe-alcantara-actor-model"
"26","11.097561","allissonazevedo-python","https://github.com/zanfranceschi/rinha-de-backend-2024-q1/tree/main/participantes/allissonazevedo-python"
"27","11.186992","lpicanco-moonshine","https://github.com/zanfranceschi/rinha-de-backend-2024-q1/tree/main/participantes/lpicanco-moonshine"
"28","11.219512","bgskurono","https://github.com/zanfranceschi/rinha-de-backend-2024-q1/tree/main/participantes/bgskurono"
"29","11.341463","lpicanco-cpp","https://github.com/zanfranceschi/rinha-de-backend-2024-q1/tree/main/participantes/lpicanco-cpp"
"30","11.357724","brunocamarggo-golang","https://github.com/zanfranceschi/rinha-de-backend-2024-q1/tree/main/participantes/brunocamarggo-golang"
"31","11.365854","joao-peterson","https://github.com/zanfranceschi/rinha-de-backend-2024-q1/tree/main/participantes/joao-peterson"
"32","11.479675","isadora-souza-mongodb","https://github.com/zanfranceschi/rinha-de-backend-2024-q1/tree/main/participantes/isadora-souza-mongodb"
"33","11.487805","matheus-trindade","https://github.com/zanfranceschi/rinha-de-backend-2024-q1/tree/main/participantes/matheus-trindade"
"34","11.552846","maxwell","https://github.com/zanfranceschi/rinha-de-backend-2024-q1/tree/main/participantes/maxwell"
"35","11.560976","alan_albuquerque_capivara","https://github.com/zanfranceschi/rinha-de-backend-2024-q1/tree/main/participantes/alan_albuquerque_capivara"
"36","11.585366","murilochianfa","https://github.com/zanfranceschi/rinha-de-backend-2024-q1/tree/main/participantes/murilochianfa"
"37","11.609756","giovannibassi-rust","https://github.com/zanfranceschi/rinha-de-backend-2024-q1/tree/main/participantes/giovannibassi-rust"
"38","11.658537","johnpgr_vlang","https://github.com/zanfranceschi/rinha-de-backend-2024-q1/tree/main/participantes/johnpgr_vlang"
"39","11.666667","gasparbarancelli-h2-database","https://github.com/zanfranceschi/rinha-de-backend-2024-q1/tree/main/participantes/gasparbarancelli-h2-database"
"40","11.723577","gabrielluciano-vertx","https://github.com/zanfranceschi/rinha-de-backend-2024-q1/tree/main/participantes/gabrielluciano-vertx"
"41","11.804878","andarilhoz","https://github.com/zanfranceschi/rinha-de-backend-2024-q1/tree/main/participantes/andarilhoz"
"42","11.853659","garnizeh-alternative","https://github.com/zanfranceschi/rinha-de-backend-2024-q1/tree/main/participantes/garnizeh-alternative"
"43","11.869919","asfernandes-cpp-haproxy-mongoose-lmdb","https://github.com/zanfranceschi/rinha-de-backend-2024-q1/tree/main/participantes/asfernandes-cpp-haproxy-mongoose-lmdb"
"44","11.902439","nathanbahiadev__golang","https://github.com/zanfranceschi/rinha-de-backend-2024-q1/tree/main/participantes/nathanbahiadev__golang"
"45","11.943089","andretpc","https://github.com/zanfranceschi/rinha-de-backend-2024-q1/tree/main/participantes/andretpc"
"46","11.95122","lubien-multi-tenant-sqlite","https://github.com/zanfranceschi/rinha-de-backend-2024-q1/tree/main/participantes/lubien-multi-tenant-sqlite"
"47","12.081301","rafaeltorquato-saitama","https://github.com/zanfranceschi/rinha-de-backend-2024-q1/tree/main/participantes/rafaeltorquato-saitama"
"48","12.105691","alcides-quarkus","https://github.com/zanfranceschi/rinha-de-backend-2024-q1/tree/main/participantes/alcides-quarkus"
"49","12.154472","rodrigo-brito","https://github.com/zanfranceschi/rinha-de-backend-2024-q1/tree/main/participantes/rodrigo-brito"
"50","12.178862","edy-elixir-e-ranger-de-dentes","https://github.com/zanfranceschi/rinha-de-backend-2024-q1/tree/main/participantes/edy-elixir-e-ranger-de-dentes"
"51","12.195122","santannaf_web_go_unlogged","https://github.com/zanfranceschi/rinha-de-backend-2024-q1/tree/main/participantes/santannaf_web_go_unlogged"
"52","12.219512","matheuscamargo","https://github.com/zanfranceschi/rinha-de-backend-2024-q1/tree/main/participantes/matheuscamargo"
"53","12.252033","oloko64","https://github.com/zanfranceschi/rinha-de-backend-2024-q1/tree/main/participantes/oloko64"
"54","12.252033","alan_albuquerque_capivara_JIT","https://github.com/zanfranceschi/rinha-de-backend-2024-q1/tree/main/participantes/alan_albuquerque_capivara_JIT"
"55","12.406504","ivmello","https://github.com/zanfranceschi/rinha-de-backend-2024-q1/tree/main/participantes/ivmello"
"56","12.406504","enohr","https://github.com/zanfranceschi/rinha-de-backend-2024-q1/tree/main/participantes/enohr"
"57","12.430894","lpicanco","https://github.com/zanfranceschi/rinha-de-backend-2024-q1/tree/main/participantes/lpicanco"
"58","12.463415","not4rt-rspingora","https://github.com/zanfranceschi/rinha-de-backend-2024-q1/tree/main/participantes/not4rt-rspingora"
"59","12.528455","caravanacloud","https://github.com/zanfranceschi/rinha-de-backend-2024-q1/tree/main/participantes/caravanacloud"
"60","12.560976","felipeoriani","https://github.com/zanfranceschi/rinha-de-backend-2024-q1/tree/main/participantes/felipeoriani"
"61","12.585366","jrblatt","https://github.com/zanfranceschi/rinha-de-backend-2024-q1/tree/main/participantes/jrblatt"
"62","12.674797","oui_tecnologiav2","https://github.com/zanfranceschi/rinha-de-backend-2024-q1/tree/main/participantes/oui_tecnologiav2"
"63","12.731707","pedrohenriquea-pgbouncer","https://github.com/zanfranceschi/rinha-de-backend-2024-q1/tree/main/participantes/pedrohenriquea-pgbouncer"
"64","12.739837","lbaesso-php","https://github.com/zanfranceschi/rinha-de-backend-2024-q1/tree/main/participantes/lbaesso-php"
"65","12.747967","rafaelktakahashi","https://github.com/zanfranceschi/rinha-de-backend-2024-q1/tree/main/participantes/rafaelktakahashi"
"66","12.756098","lubien-phoenixqlite","https://github.com/zanfranceschi/rinha-de-backend-2024-q1/tree/main/participantes/lubien-phoenixqlite"
"67","12.780488","hlscalon-go","https://github.com/zanfranceschi/rinha-de-backend-2024-q1/tree/main/participantes/hlscalon-go"
"68","12.796748","jonasfeanor","https://github.com/zanfranceschi/rinha-de-backend-2024-q1/tree/main/participantes/jonasfeanor"
"69","12.829268","rayan-elixir","https://github.com/zanfranceschi/rinha-de-backend-2024-q1/tree/main/participantes/rayan-elixir"
"70","12.853659","gasparbarancelli-java-sem-framework","https://github.com/zanfranceschi/rinha-de-backend-2024-q1/tree/main/participantes/gasparbarancelli-java-sem-framework"
"71","12.894309","gustavonovaes-go","https://github.com/zanfranceschi/rinha-de-backend-2024-q1/tree/main/participantes/gustavonovaes-go"
"72","12.926829","fabionaspolini-sync","https://github.com/zanfranceschi/rinha-de-backend-2024-q1/tree/main/participantes/fabionaspolini-sync"
"73","12.95122","oui_tecnologia","https://github.com/zanfranceschi/rinha-de-backend-2024-q1/tree/main/participantes/oui_tecnologia"
"74","12.98374","guiestimo","https://github.com/zanfranceschi/rinha-de-backend-2024-q1/tree/main/participantes/guiestimo"
"75","13.056911","ogabriel-golang","https://github.com/zanfranceschi/rinha-de-backend-2024-q1/tree/main/participantes/ogabriel-golang"
"76","13.097561","wiliamvj","https://github.com/zanfranceschi/rinha-de-backend-2024-q1/tree/main/participantes/wiliamvj"
"77","13.268293","jpcairesf-go","https://github.com/zanfranceschi/rinha-de-backend-2024-q1/tree/main/participantes/jpcairesf-go"
"78","13.284553","giovannibassi-nonpooled","https://github.com/zanfranceschi/rinha-de-backend-2024-q1/tree/main/participantes/giovannibassi-nonpooled"
"79","13.341463","felipemarkson","https://github.com/zanfranceschi/rinha-de-backend-2024-q1/tree/main/participantes/felipemarkson"
"80","13.373984","josebaroni","https://github.com/zanfranceschi/rinha-de-backend-2024-q1/tree/main/participantes/josebaroni"
"81","13.382114","garnizeh","https://github.com/zanfranceschi/rinha-de-backend-2024-q1/tree/main/participantes/garnizeh"
"82","13.390244","lipe1994_drogon","https://github.com/zanfranceschi/rinha-de-backend-2024-q1/tree/main/participantes/lipe1994_drogon"
"83","13.390244","marcospaulo-go","https://github.com/zanfranceschi/rinha-de-backend-2024-q1/tree/main/participantes/marcospaulo-go"
"84","13.390244","gasparbarancelli-nginx","https://github.com/zanfranceschi/rinha-de-backend-2024-q1/tree/main/participantes/gasparbarancelli-nginx"
"85","13.422764","vifonsec4-nginx","https://github.com/zanfranceschi/rinha-de-backend-2024-q1/tree/main/participantes/vifonsec4-nginx"
"86","13.430894","ricardovhz","https://github.com/zanfranceschi/rinha-de-backend-2024-q1/tree/main/participantes/ricardovhz"
"87","13.455285","alan_albuquerque","https://github.com/zanfranceschi/rinha-de-backend-2024-q1/tree/main/participantes/alan_albuquerque"
"88","13.504065","luizgribeiro-monGo","https://github.com/zanfranceschi/rinha-de-backend-2024-q1/tree/main/participantes/luizgribeiro-monGo"
"89","13.520325","geo-aspnet","https://github.com/zanfranceschi/rinha-de-backend-2024-q1/tree/main/participantes/geo-aspnet"
"90","13.585366","oliveiratheone-rust","https://github.com/zanfranceschi/rinha-de-backend-2024-q1/tree/main/participantes/oliveiratheone-rust"
"91","13.593496","phaguiar-net","https://github.com/zanfranceschi/rinha-de-backend-2024-q1/tree/main/participantes/phaguiar-net"
"92","13.723577","gasparbarancelli-procedure","https://github.com/zanfranceschi/rinha-de-backend-2024-q1/tree/main/participantes/gasparbarancelli-procedure"
"93","13.886179","nathanbahiadev__python","https://github.com/zanfranceschi/rinha-de-backend-2024-q1/tree/main/participantes/nathanbahiadev__python"
"94","13.902439","picklesdog-go","https://github.com/zanfranceschi/rinha-de-backend-2024-q1/tree/main/participantes/picklesdog-go"
"95","13.934959","alfrederson-go","https://github.com/zanfranceschi/rinha-de-backend-2024-q1/tree/main/participantes/alfrederson-go"
"96","13.95122","dscamargo","https://github.com/zanfranceschi/rinha-de-backend-2024-q1/tree/main/participantes/dscamargo"
"97","14","brenonaraujo","https://github.com/zanfranceschi/rinha-de-backend-2024-q1/tree/main/participantes/brenonaraujo"
"98","14.00813","daandrn-php","https://github.com/zanfranceschi/rinha-de-backend-2024-q1/tree/main/participantes/daandrn-php"
"99","14.02439","jhonnyboy","https://github.com/zanfranceschi/rinha-de-backend-2024-q1/tree/main/participantes/jhonnyboy"
"100","14.105691","bine-php-swoole","https://github.com/zanfranceschi/rinha-de-backend-2024-q1/tree/main/participantes/bine-php-swoole"
"101","14.138211","ryansdb","https://github.com/zanfranceschi/rinha-de-backend-2024-q1/tree/main/participantes/ryansdb"
"102","14.186992","leodf-go","https://github.com/zanfranceschi/rinha-de-backend-2024-q1/tree/main/participantes/leodf-go"
"103","14.203252","giovannibassi","https://github.com/zanfranceschi/rinha-de-backend-2024-q1/tree/main/participantes/giovannibassi"
"104","14.252033","felipma-rust-rataria-version","https://github.com/zanfranceschi/rinha-de-backend-2024-q1/tree/main/participantes/felipma-rust-rataria-version"
"105","14.284553","carls-rodrigues","https://github.com/zanfranceschi/rinha-de-backend-2024-q1/tree/main/participantes/carls-rodrigues"
"106","14.349593","cassiano-manuelzinho-golang","https://github.com/zanfranceschi/rinha-de-backend-2024-q1/tree/main/participantes/cassiano-manuelzinho-golang"
"107","14.373984","renan-norba","https://github.com/zanfranceschi/rinha-de-backend-2024-q1/tree/main/participantes/renan-norba"
"108","14.373984","alanlviana-aspnet","https://github.com/zanfranceschi/rinha-de-backend-2024-q1/tree/main/participantes/alanlviana-aspnet"
"109","14.422764","felipeymn","https://github.com/zanfranceschi/rinha-de-backend-2024-q1/tree/main/participantes/felipeymn"
"110","14.422764","ghhernandes","https://github.com/zanfranceschi/rinha-de-backend-2024-q1/tree/main/participantes/ghhernandes"
"111","14.439024","asfernandes-cpp-haproxy-mongoose-pgsql","https://github.com/zanfranceschi/rinha-de-backend-2024-q1/tree/main/participantes/asfernandes-cpp-haproxy-mongoose-pgsql"
"112","14.447154","gmafrac-golang","https://github.com/zanfranceschi/rinha-de-backend-2024-q1/tree/main/participantes/gmafrac-golang"
"113","14.447154","italobbarros","https://github.com/zanfranceschi/rinha-de-backend-2024-q1/tree/main/participantes/italobbarros"
"114","14.536585","bine-reactphp","https://github.com/zanfranceschi/rinha-de-backend-2024-q1/tree/main/participantes/bine-reactphp"
"115","14.764228","bun-saulofelipe","https://github.com/zanfranceschi/rinha-de-backend-2024-q1/tree/main/participantes/bun-saulofelipe"
"116","14.813008","skvggor-pankkivahva-rust","https://github.com/zanfranceschi/rinha-de-backend-2024-q1/tree/main/participantes/skvggor-pankkivahva-rust"
"117","14.829268","cristiano182","https://github.com/zanfranceschi/rinha-de-backend-2024-q1/tree/main/participantes/cristiano182"
"118","14.869919","rdenadai_bun_sqlite","https://github.com/zanfranceschi/rinha-de-backend-2024-q1/tree/main/participantes/rdenadai_bun_sqlite"
"119","14.918699","ramosfabiano","https://github.com/zanfranceschi/rinha-de-backend-2024-q1/tree/main/participantes/ramosfabiano"
"120","15.00813","bine-golang","https://github.com/zanfranceschi/rinha-de-backend-2024-q1/tree/main/participantes/bine-golang"
"121","15.01626","marcusantunius","https://github.com/zanfranceschi/rinha-de-backend-2024-q1/tree/main/participantes/marcusantunius"
"122","15.02439","raissadev","https://github.com/zanfranceschi/rinha-de-backend-2024-q1/tree/main/participantes/raissadev"
"123","15.056911","victor-132","https://github.com/zanfranceschi/rinha-de-backend-2024-q1/tree/main/participantes/victor-132"
"124","15.138211","ftathiago-blogdoft-csharp-aot","https://github.com/zanfranceschi/rinha-de-backend-2024-q1/tree/main/participantes/ftathiago-blogdoft-csharp-aot"
"125","15.211382","jonathanperis","https://github.com/zanfranceschi/rinha-de-backend-2024-q1/tree/main/participantes/jonathanperis"
"126","15.219512","andre-e-gustavo","https://github.com/zanfranceschi/rinha-de-backend-2024-q1/tree/main/participantes/andre-e-gustavo"
"127","15.260163","edubarbieri","https://github.com/zanfranceschi/rinha-de-backend-2024-q1/tree/main/participantes/edubarbieri"
"128","15.260163","eriksilva","https://github.com/zanfranceschi/rinha-de-backend-2024-q1/tree/main/participantes/eriksilva"
"129","15.284553","nosilex","https://github.com/zanfranceschi/rinha-de-backend-2024-q1/tree/main/participantes/nosilex"
"130","15.308943","gavageovanni","https://github.com/zanfranceschi/rinha-de-backend-2024-q1/tree/main/participantes/gavageovanni"
"131","15.357724","eugenio-cunha","https://github.com/zanfranceschi/rinha-de-backend-2024-q1/tree/main/participantes/eugenio-cunha"
"132","15.357724","gabrielluciano-go","https://github.com/zanfranceschi/rinha-de-backend-2024-q1/tree/main/participantes/gabrielluciano-go"
"133","15.373984","paulohenriqu","https://github.com/zanfranceschi/rinha-de-backend-2024-q1/tree/main/participantes/paulohenriqu"
"134","15.406504","gavageovanni-kotlin","https://github.com/zanfranceschi/rinha-de-backend-2024-q1/tree/main/participantes/gavageovanni-kotlin"
"135","15.406504","lucasSSalgado","https://github.com/zanfranceschi/rinha-de-backend-2024-q1/tree/main/participantes/lucasSSalgado"
"136","15.447154","avalonbits","https://github.com/zanfranceschi/rinha-de-backend-2024-q1/tree/main/participantes/avalonbits"
"137","15.455285","lfsmariz-go","https://github.com/zanfranceschi/rinha-de-backend-2024-q1/tree/main/participantes/lfsmariz-go"
"138","15.536585","wagner","https://github.com/zanfranceschi/rinha-de-backend-2024-q1/tree/main/participantes/wagner"
"139","15.536585","lec-codes-go-rinha","https://github.com/zanfranceschi/rinha-de-backend-2024-q1/tree/main/participantes/lec-codes-go-rinha"
"140","15.585366","ronaldo_scardini","https://github.com/zanfranceschi/rinha-de-backend-2024-q1/tree/main/participantes/ronaldo_scardini"
"141","15.666667","lsfratel","https://github.com/zanfranceschi/rinha-de-backend-2024-q1/tree/main/participantes/lsfratel"
"142","15.682927","abraaolevi","https://github.com/zanfranceschi/rinha-de-backend-2024-q1/tree/main/participantes/abraaolevi"
"143","15.739837","mateuxlucax-dart","https://github.com/zanfranceschi/rinha-de-backend-2024-q1/tree/main/participantes/mateuxlucax-dart"
"144","15.788618","viniville-spring-webmvc-native","https://github.com/zanfranceschi/rinha-de-backend-2024-q1/tree/main/participantes/viniville-spring-webmvc-native"
"145","15.813008","fabionaspolini","https://github.com/zanfranceschi/rinha-de-backend-2024-q1/tree/main/participantes/fabionaspolini"
"146","15.845528","anibal.ferreira","https://github.com/zanfranceschi/rinha-de-backend-2024-q1/tree/main/participantes/anibal.ferreira"
"147","15.902439","samueljansem","https://github.com/zanfranceschi/rinha-de-backend-2024-q1/tree/main/participantes/samueljansem"
"148","15.902439","matheuswilliam-java","https://github.com/zanfranceschi/rinha-de-backend-2024-q1/tree/main/participantes/matheuswilliam-java"
"149","15.943089","renanvy-crystal","https://github.com/zanfranceschi/rinha-de-backend-2024-q1/tree/main/participantes/renanvy-crystal"
"150","15.943089","williamtakeshi-rust","https://github.com/zanfranceschi/rinha-de-backend-2024-q1/tree/main/participantes/williamtakeshi-rust"
"151","15.96748","zan-dotnet","https://github.com/zanfranceschi/rinha-de-backend-2024-q1/tree/main/participantes/zan-dotnet"
"152","16.00813","kauefraga-golang","https://github.com/zanfranceschi/rinha-de-backend-2024-q1/tree/main/participantes/kauefraga-golang"
"153","16.113821","thiagotn","https://github.com/zanfranceschi/rinha-de-backend-2024-q1/tree/main/participantes/thiagotn"
"154","16.146341","ramosfabiano_v2","https://github.com/zanfranceschi/rinha-de-backend-2024-q1/tree/main/participantes/ramosfabiano_v2"
"155","16.186992","viniciusfcf","https://github.com/zanfranceschi/rinha-de-backend-2024-q1/tree/main/participantes/viniciusfcf"
"156","16.195122","crebitojs","https://github.com/zanfranceschi/rinha-de-backend-2024-q1/tree/main/participantes/crebitojs"
"157","16.308943","rhsobr-go","https://github.com/zanfranceschi/rinha-de-backend-2024-q1/tree/main/participantes/rhsobr-go"
"158","16.349593","luuisavelino","https://github.com/zanfranceschi/rinha-de-backend-2024-q1/tree/main/participantes/luuisavelino"
"159","16.414634","leoralph","https://github.com/zanfranceschi/rinha-de-backend-2024-q1/tree/main/participantes/leoralph"
"160","16.471545","limaenz-dotnet","https://github.com/zanfranceschi/rinha-de-backend-2024-q1/tree/main/participantes/limaenz-dotnet"
"161","16.487805","silmar-alberti-franken-php","https://github.com/zanfranceschi/rinha-de-backend-2024-q1/tree/main/participantes/silmar-alberti-franken-php"
"162","16.512195","juniorleaoo-host","https://github.com/zanfranceschi/rinha-de-backend-2024-q1/tree/main/participantes/juniorleaoo-host"
"163","16.593496","diegorsousa-spring-native","https://github.com/zanfranceschi/rinha-de-backend-2024-q1/tree/main/participantes/diegorsousa-spring-native"
"164","16.609756","nathanbahiadev__typescript","https://github.com/zanfranceschi/rinha-de-backend-2024-q1/tree/main/participantes/nathanbahiadev__typescript"
"165","16.707317","jndavidx","https://github.com/zanfranceschi/rinha-de-backend-2024-q1/tree/main/participantes/jndavidx"
"166","16.739837","oliveiraeliel","https://github.com/zanfranceschi/rinha-de-backend-2024-q1/tree/main/participantes/oliveiraeliel"
"167","16.756098","gilmardealcantara","https://github.com/zanfranceschi/rinha-de-backend-2024-q1/tree/main/participantes/gilmardealcantara"
"168","16.772358","vitorsalgado-nodejs","https://github.com/zanfranceschi/rinha-de-backend-2024-q1/tree/main/participantes/vitorsalgado-nodejs"
"169","16.796748","juniorleaoo-go","https://github.com/zanfranceschi/rinha-de-backend-2024-q1/tree/main/participantes/juniorleaoo-go"
"170","16.886179","andre237","https://github.com/zanfranceschi/rinha-de-backend-2024-q1/tree/main/participantes/andre237"
"171","17","ryrden","https://github.com/zanfranceschi/rinha-de-backend-2024-q1/tree/main/participantes/ryrden"
"172","17.01626","ryan_and_sena","https://github.com/zanfranceschi/rinha-de-backend-2024-q1/tree/main/participantes/ryan_and_sena"
"173","17.056911","mgenteluci","https://github.com/zanfranceschi/rinha-de-backend-2024-q1/tree/main/participantes/mgenteluci"
"174","17.073171","zaqueu","https://github.com/zanfranceschi/rinha-de-backend-2024-q1/tree/main/participantes/zaqueu"
"175","17.081301","tiagoguerreirodev-python","https://github.com/zanfranceschi/rinha-de-backend-2024-q1/tree/main/participantes/tiagoguerreirodev-python"
"176","17.178862","andresantos-tech-PHP2","https://github.com/zanfranceschi/rinha-de-backend-2024-q1/tree/main/participantes/andresantos-tech-PHP2"
"177","17.178862","otonielsilva","https://github.com/zanfranceschi/rinha-de-backend-2024-q1/tree/main/participantes/otonielsilva"
"178","17.195122","pietrohl","https://github.com/zanfranceschi/rinha-de-backend-2024-q1/tree/main/participantes/pietrohl"
"179","17.219512","mateuxlucax-quarkus","https://github.com/zanfranceschi/rinha-de-backend-2024-q1/tree/main/participantes/mateuxlucax-quarkus"
"180","17.243902","felipefrmelo-robyn","https://github.com/zanfranceschi/rinha-de-backend-2024-q1/tree/main/participantes/felipefrmelo-robyn"
"181","17.390244","ericlessa","https://github.com/zanfranceschi/rinha-de-backend-2024-q1/tree/main/participantes/ericlessa"
"182","17.414634","rmac737","https://github.com/zanfranceschi/rinha-de-backend-2024-q1/tree/main/participantes/rmac737"
"183","17.414634","gmrms","https://github.com/zanfranceschi/rinha-de-backend-2024-q1/tree/main/participantes/gmrms"
"184","17.577236","santannaf_web","https://github.com/zanfranceschi/rinha-de-backend-2024-q1/tree/main/participantes/santannaf_web"
"185","17.650407","renant","https://github.com/zanfranceschi/rinha-de-backend-2024-q1/tree/main/participantes/renant"
"186","17.853659","vineboneto-go","https://github.com/zanfranceschi/rinha-de-backend-2024-q1/tree/main/participantes/vineboneto-go"
"187","18","gasparbarancelli","https://github.com/zanfranceschi/rinha-de-backend-2024-q1/tree/main/participantes/gasparbarancelli"
"188","18.01626","omurilo","https://github.com/zanfranceschi/rinha-de-backend-2024-q1/tree/main/participantes/omurilo"
"189","18.04065","marcoagpegoraro","https://github.com/zanfranceschi/rinha-de-backend-2024-q1/tree/main/participantes/marcoagpegoraro"
"190","18.065041","gustavoramos00","https://github.com/zanfranceschi/rinha-de-backend-2024-q1/tree/main/participantes/gustavoramos00"
"191","18.097561","lsfratel-python","https://github.com/zanfranceschi/rinha-de-backend-2024-q1/tree/main/participantes/lsfratel-python"
"192","18.154472","felipefrmelo-uvicorn","https://github.com/zanfranceschi/rinha-de-backend-2024-q1/tree/main/participantes/felipefrmelo-uvicorn"
"193","18.186992","vitorsalgado-custom-lb-db-conf","https://github.com/zanfranceschi/rinha-de-backend-2024-q1/tree/main/participantes/vitorsalgado-custom-lb-db-conf"
"194","18.211382","ogabriel-elixir","https://github.com/zanfranceschi/rinha-de-backend-2024-q1/tree/main/participantes/ogabriel-elixir"
"195","18.292683","brunocamarggo","https://github.com/zanfranceschi/rinha-de-backend-2024-q1/tree/main/participantes/brunocamarggo"
"196","18.569106","lucasmro","https://github.com/zanfranceschi/rinha-de-backend-2024-q1/tree/main/participantes/lucasmro"
"197","18.593496","vitorsalgado-custom-lb","https://github.com/zanfranceschi/rinha-de-backend-2024-q1/tree/main/participantes/vitorsalgado-custom-lb"
"198","18.617886","hiroshimorowaka-golang","https://github.com/zanfranceschi/rinha-de-backend-2024-q1/tree/main/participantes/hiroshimorowaka-golang"
"199","18.626016","wdmatheus","https://github.com/zanfranceschi/rinha-de-backend-2024-q1/tree/main/participantes/wdmatheus"
"200","18.634146","gustavoramos00-spring-trsfree","https://github.com/zanfranceschi/rinha-de-backend-2024-q1/tree/main/participantes/gustavoramos00-spring-trsfree"
"201","18.715447","gicornachini","https://github.com/zanfranceschi/rinha-de-backend-2024-q1/tree/main/participantes/gicornachini"
"202","18.796748","krymancer","https://github.com/zanfranceschi/rinha-de-backend-2024-q1/tree/main/participantes/krymancer"
"203","18.804878","italopussi","https://github.com/zanfranceschi/rinha-de-backend-2024-q1/tree/main/participantes/italopussi"
"204","18.861789","srlucasromulo-not_so_fast_api","https://github.com/zanfranceschi/rinha-de-backend-2024-q1/tree/main/participantes/srlucasromulo-not_so_fast_api"
"205","18.861789","gldmelo-py-fastapi","https://github.com/zanfranceschi/rinha-de-backend-2024-q1/tree/main/participantes/gldmelo-py-fastapi"
"206","18.869919","vitorsalgado","https://github.com/zanfranceschi/rinha-de-backend-2024-q1/tree/main/participantes/vitorsalgado"
"207","18.96748","vitornorberto-micronaut","https://github.com/zanfranceschi/rinha-de-backend-2024-q1/tree/main/participantes/vitornorberto-micronaut"
"208","19.02439","lmtani","https://github.com/zanfranceschi/rinha-de-backend-2024-q1/tree/main/participantes/lmtani"
"209","19.162602","rodrigocaldeira","https://github.com/zanfranceschi/rinha-de-backend-2024-q1/tree/main/participantes/rodrigocaldeira"
"210","19.260163","gldmelo-cs-py-hibrid","https://github.com/zanfranceschi/rinha-de-backend-2024-q1/tree/main/participantes/gldmelo-cs-py-hibrid"
"211","19.333333","cadu","https://github.com/zanfranceschi/rinha-de-backend-2024-q1/tree/main/participantes/cadu"
"212","19.382114","arthurqueiroz4","https://github.com/zanfranceschi/rinha-de-backend-2024-q1/tree/main/participantes/arthurqueiroz4"
"213","19.682927","julioriffel-fastapi","https://github.com/zanfranceschi/rinha-de-backend-2024-q1/tree/main/participantes/julioriffel-fastapi"
"214","20.073171","marcospaulo","https://github.com/zanfranceschi/rinha-de-backend-2024-q1/tree/main/participantes/marcospaulo"
"215","20.105691","lsfratel-python-own-framework","https://github.com/zanfranceschi/rinha-de-backend-2024-q1/tree/main/participantes/lsfratel-python-own-framework"
"216","20.398374","weversonl","https://github.com/zanfranceschi/rinha-de-backend-2024-q1/tree/main/participantes/weversonl"
"217","20.398374","fgarrido","https://github.com/zanfranceschi/rinha-de-backend-2024-q1/tree/main/participantes/fgarrido"
"218","20.447154","stefannovasky","https://github.com/zanfranceschi/rinha-de-backend-2024-q1/tree/main/participantes/stefannovasky"
"219","20.455285","fernandomorais","https://github.com/zanfranceschi/rinha-de-backend-2024-q1/tree/main/participantes/fernandomorais"
"220","20.658537","leonardsoncc-go","https://github.com/zanfranceschi/rinha-de-backend-2024-q1/tree/main/participantes/leonardsoncc-go"
"221","20.739837","jovitcorreia","https://github.com/zanfranceschi/rinha-de-backend-2024-q1/tree/main/participantes/jovitcorreia"
"222","20.772358","edersonlima-dotnet8","https://github.com/zanfranceschi/rinha-de-backend-2024-q1/tree/main/participantes/edersonlima-dotnet8"
"223","20.869919","williamsumida","https://github.com/zanfranceschi/rinha-de-backend-2024-q1/tree/main/participantes/williamsumida"
"224","20.918699","fernandofogliato-java","https://github.com/zanfranceschi/rinha-de-backend-2024-q1/tree/main/participantes/fernandofogliato-java"
"225","21.097561","micael-ortega-golang","https://github.com/zanfranceschi/rinha-de-backend-2024-q1/tree/main/participantes/micael-ortega-golang"
"226","21.097561","ddanielvaz","https://github.com/zanfranceschi/rinha-de-backend-2024-q1/tree/main/participantes/ddanielvaz"
"227","21.284553","geraldojrcg-elixir","https://github.com/zanfranceschi/rinha-de-backend-2024-q1/tree/main/participantes/geraldojrcg-elixir"
"228","21.341463","zetos-haskell","https://github.com/zanfranceschi/rinha-de-backend-2024-q1/tree/main/participantes/zetos-haskell"
"229","21.390244","marcospaulo-java","https://github.com/zanfranceschi/rinha-de-backend-2024-q1/tree/main/participantes/marcospaulo-java"
"230","21.422764","ghost-in-the-machine-86","https://github.com/zanfranceschi/rinha-de-backend-2024-q1/tree/main/participantes/ghost-in-the-machine-86"
"231","21.552846","bine-php-road-runner","https://github.com/zanfranceschi/rinha-de-backend-2024-q1/tree/main/participantes/bine-php-road-runner"
"232","21.593496","pedrovsn","https://github.com/zanfranceschi/rinha-de-backend-2024-q1/tree/main/participantes/pedrovsn"
"233","21.723577","taciossbr","https://github.com/zanfranceschi/rinha-de-backend-2024-q1/tree/main/participantes/taciossbr"
"234","21.796748","arthurzapparoli","https://github.com/zanfranceschi/rinha-de-backend-2024-q1/tree/main/participantes/arthurzapparoli"
"235","21.926829","felipeparaujo","https://github.com/zanfranceschi/rinha-de-backend-2024-q1/tree/main/participantes/felipeparaujo"
"236","21.96748","m-lnrs","https://github.com/zanfranceschi/rinha-de-backend-2024-q1/tree/main/participantes/m-lnrs"
"237","22.308943","viniciusgferreira","https://github.com/zanfranceschi/rinha-de-backend-2024-q1/tree/main/participantes/viniciusgferreira"
"238","22.569106","gateixeira","https://github.com/zanfranceschi/rinha-de-backend-2024-q1/tree/main/participantes/gateixeira"
"239","22.650407","carlsonsantana-springboot","https://github.com/zanfranceschi/rinha-de-backend-2024-q1/tree/main/participantes/carlsonsantana-springboot"
"240","22.699187","droderuan","https://github.com/zanfranceschi/rinha-de-backend-2024-q1/tree/main/participantes/droderuan"
"241","22.813008","vineboneto-js","https://github.com/zanfranceschi/rinha-de-backend-2024-q1/tree/main/participantes/vineboneto-js"
"242","22.98374","andrepraeiro","https://github.com/zanfranceschi/rinha-de-backend-2024-q1/tree/main/participantes/andrepraeiro"
"243","23.105691","jazielloureiro","https://github.com/zanfranceschi/rinha-de-backend-2024-q1/tree/main/participantes/jazielloureiro"
"244","23.186992","marcospaulo-kotlin","https://github.com/zanfranceschi/rinha-de-backend-2024-q1/tree/main/participantes/marcospaulo-kotlin"
"245","23.219512","fhgm","https://github.com/zanfranceschi/rinha-de-backend-2024-q1/tree/main/participantes/fhgm"
"246","23.284553","mal_golang","https://github.com/zanfranceschi/rinha-de-backend-2024-q1/tree/main/participantes/mal_golang"
"247","23.357724","rmauro-postgresql","https://github.com/zanfranceschi/rinha-de-backend-2024-q1/tree/main/participantes/rmauro-postgresql"
"248","23.365854","buemura","https://github.com/zanfranceschi/rinha-de-backend-2024-q1/tree/main/participantes/buemura"
"249","23.447154","juniorleaoo","https://github.com/zanfranceschi/rinha-de-backend-2024-q1/tree/main/participantes/juniorleaoo"
"250","23.560976","vitor_weirich_java","https://github.com/zanfranceschi/rinha-de-backend-2024-q1/tree/main/participantes/vitor_weirich_java"
"251","23.674797","heitor-jsr","https://github.com/zanfranceschi/rinha-de-backend-2024-q1/tree/main/participantes/heitor-jsr"
"252","23.853659","0000-golang","https://github.com/zanfranceschi/rinha-de-backend-2024-q1/tree/main/participantes/0000-golang"
"253","23.853659","impedro29-performance","https://github.com/zanfranceschi/rinha-de-backend-2024-q1/tree/main/participantes/impedro29-performance"
"254","23.886179","stefannovasky-kitajs","https://github.com/zanfranceschi/rinha-de-backend-2024-q1/tree/main/participantes/stefannovasky-kitajs"
"255","23.894309","zelnatal","https://github.com/zanfranceschi/rinha-de-backend-2024-q1/tree/main/participantes/zelnatal"
"256","23.918699","1garo","https://github.com/zanfranceschi/rinha-de-backend-2024-q1/tree/main/participantes/1garo"
"257","23.95122","gldmelo","https://github.com/zanfranceschi/rinha-de-backend-2024-q1/tree/main/participantes/gldmelo"
"258","23.98374","rafaqwe1","https://github.com/zanfranceschi/rinha-de-backend-2024-q1/tree/main/participantes/rafaqwe1"
"259","24.138211","4emcos-nodejs","https://github.com/zanfranceschi/rinha-de-backend-2024-q1/tree/main/participantes/4emcos-nodejs"
"260","24.203252","jeifersonalmeida-spring","https://github.com/zanfranceschi/rinha-de-backend-2024-q1/tree/main/participantes/jeifersonalmeida-spring"
"261","24.284553","joaopmerlin","https://github.com/zanfranceschi/rinha-de-backend-2024-q1/tree/main/participantes/joaopmerlin"
"262","24.284553","rust-cassiogangrel","https://github.com/zanfranceschi/rinha-de-backend-2024-q1/tree/main/participantes/rust-cassiogangrel"
"263","24.308943","cleitinif","https://github.com/zanfranceschi/rinha-de-backend-2024-q1/tree/main/participantes/cleitinif"
"264","24.439024","rp83t1","https://github.com/zanfranceschi/rinha-de-backend-2024-q1/tree/main/participantes/rp83t1"
"265","24.471545","paulo_sergio_alpine","https://github.com/zanfranceschi/rinha-de-backend-2024-q1/tree/main/participantes/paulo_sergio_alpine"
"266","24.512195","mauriciorosa-net8","https://github.com/zanfranceschi/rinha-de-backend-2024-q1/tree/main/participantes/mauriciorosa-net8"
"267","24.723577","ed1000","https://github.com/zanfranceschi/rinha-de-backend-2024-q1/tree/main/participantes/ed1000"
"268","24.772358","cassiano-pedrinho-rust","https://github.com/zanfranceschi/rinha-de-backend-2024-q1/tree/main/participantes/cassiano-pedrinho-rust"
"269","24.869919","santanna_web_wu","https://github.com/zanfranceschi/rinha-de-backend-2024-q1/tree/main/participantes/santanna_web_wu"
"270","25.04878","lucas-hsm","https://github.com/zanfranceschi/rinha-de-backend-2024-q1/tree/main/participantes/lucas-hsm"
"271","25.073171","danielwisky","https://github.com/zanfranceschi/rinha-de-backend-2024-q1/tree/main/participantes/danielwisky"
"272","25.113821","gui9394","https://github.com/zanfranceschi/rinha-de-backend-2024-q1/tree/main/participantes/gui9394"
"273","25.260163","matheus-mr","https://github.com/zanfranceschi/rinha-de-backend-2024-q1/tree/main/participantes/matheus-mr"
"274","25.512195","alissonsleal_go","https://github.com/zanfranceschi/rinha-de-backend-2024-q1/tree/main/participantes/alissonsleal_go"
"275","25.707317","maelalvi-quarkus","https://github.com/zanfranceschi/rinha-de-backend-2024-q1/tree/main/participantes/maelalvi-quarkus"
"276","25.813008","brilvio","https://github.com/zanfranceschi/rinha-de-backend-2024-q1/tree/main/participantes/brilvio"
"277","25.886179","rschio","https://github.com/zanfranceschi/rinha-de-backend-2024-q1/tree/main/participantes/rschio"
"278","25.902439","antunesleo-python","https://github.com/zanfranceschi/rinha-de-backend-2024-q1/tree/main/participantes/antunesleo-python"
"279","25.910569","jfilipedias","https://github.com/zanfranceschi/rinha-de-backend-2024-q1/tree/main/participantes/jfilipedias"
"280","26.073171","lucaswilliameufrasio","https://github.com/zanfranceschi/rinha-de-backend-2024-q1/tree/main/participantes/lucaswilliameufrasio"
"281","26.130081","vitornorberto","https://github.com/zanfranceschi/rinha-de-backend-2024-q1/tree/main/participantes/vitornorberto"
"282","26.235772","buemura-quarkus","https://github.com/zanfranceschi/rinha-de-backend-2024-q1/tree/main/participantes/buemura-quarkus"
"283","26.292683","quokka","https://github.com/zanfranceschi/rinha-de-backend-2024-q1/tree/main/participantes/quokka"
"284","26.406504","andersonhqds-node","https://github.com/zanfranceschi/rinha-de-backend-2024-q1/tree/main/participantes/andersonhqds-node"
"285","26.715447","antoniogdelrio","https://github.com/zanfranceschi/rinha-de-backend-2024-q1/tree/main/participantes/antoniogdelrio"
"286","26.837398","paulo-paes-bun","https://github.com/zanfranceschi/rinha-de-backend-2024-q1/tree/main/participantes/paulo-paes-bun"
"287","27.01626","ddd-nodejs","https://github.com/zanfranceschi/rinha-de-backend-2024-q1/tree/main/participantes/ddd-nodejs"
"288","27.04065","4emcos-golang","https://github.com/zanfranceschi/rinha-de-backend-2024-q1/tree/main/participantes/4emcos-golang"
"289","27.056911","matheuswilliam","https://github.com/zanfranceschi/rinha-de-backend-2024-q1/tree/main/participantes/matheuswilliam"
"290","27.113821","edimarlnx","https://github.com/zanfranceschi/rinha-de-backend-2024-q1/tree/main/participantes/edimarlnx"
"291","27.170732","thiagodamas-go-swagger-sqlc-postgres","https://github.com/zanfranceschi/rinha-de-backend-2024-q1/tree/main/participantes/thiagodamas-go-swagger-sqlc-postgres"
"292","27.569106","thicsilva","https://github.com/zanfranceschi/rinha-de-backend-2024-q1/tree/main/participantes/thicsilva"
"293","27.682927","tsugami","https://github.com/zanfranceschi/rinha-de-backend-2024-q1/tree/main/participantes/tsugami"
"294","27.869919","gcrispino-rust","https://github.com/zanfranceschi/rinha-de-backend-2024-q1/tree/main/participantes/gcrispino-rust"
"295","27.918699","rwillians-elixir","https://github.com/zanfranceschi/rinha-de-backend-2024-q1/tree/main/participantes/rwillians-elixir"
"296","27.934959","grilario","https://github.com/zanfranceschi/rinha-de-backend-2024-q1/tree/main/participantes/grilario"
"297","28.105691","andrenbrandao","https://github.com/zanfranceschi/rinha-de-backend-2024-q1/tree/main/participantes/andrenbrandao"
"298","28.146341","jpaf","https://github.com/zanfranceschi/rinha-de-backend-2024-q1/tree/main/participantes/jpaf"
"299","28.203252","tonycarvalho1994","https://github.com/zanfranceschi/rinha-de-backend-2024-q1/tree/main/participantes/tonycarvalho1994"
"300","28.252033","michaelalves204","https://github.com/zanfranceschi/rinha-de-backend-2024-q1/tree/main/participantes/michaelalves204"
"301","28.333333","dksedlak","https://github.com/zanfranceschi/rinha-de-backend-2024-q1/tree/main/participantes/dksedlak"
"302","28.390244","marcusdacoregio","https://github.com/zanfranceschi/rinha-de-backend-2024-q1/tree/main/participantes/marcusdacoregio"
"303","28.447154","normanfrieman","https://github.com/zanfranceschi/rinha-de-backend-2024-q1/tree/main/participantes/normanfrieman"
"304","28.471545","avinho","https://github.com/zanfranceschi/rinha-de-backend-2024-q1/tree/main/participantes/avinho"
"305","28.512195","brendonmatos-bun","https://github.com/zanfranceschi/rinha-de-backend-2024-q1/tree/main/participantes/brendonmatos-bun"
"306","28.569106","agpsl","https://github.com/zanfranceschi/rinha-de-backend-2024-q1/tree/main/participantes/agpsl"
"307","28.780488","alexmarquesfa-kotlin","https://github.com/zanfranceschi/rinha-de-backend-2024-q1/tree/main/participantes/alexmarquesfa-kotlin"
"308","28.934959","kelvinromero-fastapi","https://github.com/zanfranceschi/rinha-de-backend-2024-q1/tree/main/participantes/kelvinromero-fastapi"
"309","28.943089","lobomfz-rust","https://github.com/zanfranceschi/rinha-de-backend-2024-q1/tree/main/participantes/lobomfz-rust"
"310","29.03252","andrew-vasco","https://github.com/zanfranceschi/rinha-de-backend-2024-q1/tree/main/participantes/andrew-vasco"
"311","29.333333","guilherme-dotnet8","https://github.com/zanfranceschi/rinha-de-backend-2024-q1/tree/main/participantes/guilherme-dotnet8"
"312","29.487805","leluque-micronaut-java","https://github.com/zanfranceschi/rinha-de-backend-2024-q1/tree/main/participantes/leluque-micronaut-java"
"313","29.512195","fbourguignon-micronaut-java21-graalvm","https://github.com/zanfranceschi/rinha-de-backend-2024-q1/tree/main/participantes/fbourguignon-micronaut-java21-graalvm"
"314","29.666667","leonardohofling","https://github.com/zanfranceschi/rinha-de-backend-2024-q1/tree/main/participantes/leonardohofling"
"315","29.674797","mikaelsouza","https://github.com/zanfranceschi/rinha-de-backend-2024-q1/tree/main/participantes/mikaelsouza"
"316","29.756098","bine-php-hyperf","https://github.com/zanfranceschi/rinha-de-backend-2024-q1/tree/main/participantes/bine-php-hyperf"
"317","29.886179","thiagofernandes_bun","https://github.com/zanfranceschi/rinha-de-backend-2024-q1/tree/main/participantes/thiagofernandes_bun"
"318","30.04065","paulo_sergio","https://github.com/zanfranceschi/rinha-de-backend-2024-q1/tree/main/participantes/paulo_sergio"
"319","30.162602","engylemure","https://github.com/zanfranceschi/rinha-de-backend-2024-q1/tree/main/participantes/engylemure"
"320","30.471545","gusinacio","https://github.com/zanfranceschi/rinha-de-backend-2024-q1/tree/main/participantes/gusinacio"
"321","30.829268","marciocg-javaquarkus","https://github.com/zanfranceschi/rinha-de-backend-2024-q1/tree/main/participantes/marciocg-javaquarkus"
"322","30.837398","ftathiago-blogdoft-csharp","https://github.com/zanfranceschi/rinha-de-backend-2024-q1/tree/main/participantes/ftathiago-blogdoft-csharp"
"323","31.195122","mdamaceno-ruby","https://github.com/zanfranceschi/rinha-de-backend-2024-q1/tree/main/participantes/mdamaceno-ruby"
"324","31.203252","andresantos-tech-PHP","https://github.com/zanfranceschi/rinha-de-backend-2024-q1/tree/main/participantes/andresantos-tech-PHP"
"325","31.495935","trindadematheus-node","https://github.com/zanfranceschi/rinha-de-backend-2024-q1/tree/main/participantes/trindadematheus-node"
"326","31.536585","lucasmolinari","https://github.com/zanfranceschi/rinha-de-backend-2024-q1/tree/main/participantes/lucasmolinari"
"327","31.739837","luisescosta","https://github.com/zanfranceschi/rinha-de-backend-2024-q1/tree/main/participantes/luisescosta"
"328","32.203252","recoba","https://github.com/zanfranceschi/rinha-de-backend-2024-q1/tree/main/participantes/recoba"
"329","32.260163","paulo-paes","https://github.com/zanfranceschi/rinha-de-backend-2024-q1/tree/main/participantes/paulo-paes"
"330","32.317073","kauan-calasans","https://github.com/zanfranceschi/rinha-de-backend-2024-q1/tree/main/participantes/kauan-calasans"
"331","32.861789","robsoncassol","https://github.com/zanfranceschi/rinha-de-backend-2024-q1/tree/main/participantes/robsoncassol"
"332","33.276423","wesleyegberto","https://github.com/zanfranceschi/rinha-de-backend-2024-q1/tree/main/participantes/wesleyegberto"
"333","33.577236","henr1q-fastapi","https://github.com/zanfranceschi/rinha-de-backend-2024-q1/tree/main/participantes/henr1q-fastapi"
"334","33.601626","densyy-bun","https://github.com/zanfranceschi/rinha-de-backend-2024-q1/tree/main/participantes/densyy-bun"
"335","33.861789","quarkusclub","https://github.com/zanfranceschi/rinha-de-backend-2024-q1/tree/main/participantes/quarkusclub"
"336","33.886179","mvellasco","https://github.com/zanfranceschi/rinha-de-backend-2024-q1/tree/main/participantes/mvellasco"
"337","34.162602","santanna_web_go","https://github.com/zanfranceschi/rinha-de-backend-2024-q1/tree/main/participantes/santanna_web_go"
"338","34.333333","h4ad","https://github.com/zanfranceschi/rinha-de-backend-2024-q1/tree/main/participantes/h4ad"
"339","34.495935","zsantana","https://github.com/zanfranceschi/rinha-de-backend-2024-q1/tree/main/participantes/zsantana"
"340","34.837398","noriller","https://github.com/zanfranceschi/rinha-de-backend-2024-q1/tree/main/participantes/noriller"
"341","34.98374","bine-php-laravel","https://github.com/zanfranceschi/rinha-de-backend-2024-q1/tree/main/participantes/bine-php-laravel"
"342","35.154472","marciotoshio","https://github.com/zanfranceschi/rinha-de-backend-2024-q1/tree/main/participantes/marciotoshio"
"343","35.186992","matheusbaptistella-rust","https://github.com/zanfranceschi/rinha-de-backend-2024-q1/tree/main/participantes/matheusbaptistella-rust"
"344","35.276423","nicholasboari-java-puro","https://github.com/zanfranceschi/rinha-de-backend-2024-q1/tree/main/participantes/nicholasboari-java-puro"
"345","35.642276","juliorovesta","https://github.com/zanfranceschi/rinha-de-backend-2024-q1/tree/main/participantes/juliorovesta"
"346","35.666667","hfurlan-java","https://github.com/zanfranceschi/rinha-de-backend-2024-q1/tree/main/participantes/hfurlan-java"
"347","36.04065","adrianog3","https://github.com/zanfranceschi/rinha-de-backend-2024-q1/tree/main/participantes/adrianog3"
"348","36.056911","jpmoura-go","https://github.com/zanfranceschi/rinha-de-backend-2024-q1/tree/main/participantes/jpmoura-go"
"349","36.422764","matheusleal","https://github.com/zanfranceschi/rinha-de-backend-2024-q1/tree/main/participantes/matheusleal"
"350","36.487805","carioca-tech","https://github.com/zanfranceschi/rinha-de-backend-2024-q1/tree/main/participantes/carioca-tech"
"351","36.593496","daniloraisi","https://github.com/zanfranceschi/rinha-de-backend-2024-q1/tree/main/participantes/daniloraisi"
"352","37.821138","zetos-node","https://github.com/zanfranceschi/rinha-de-backend-2024-q1/tree/main/participantes/zetos-node"
"353","37.943089","boaglio-jaiminho","https://github.com/zanfranceschi/rinha-de-backend-2024-q1/tree/main/participantes/boaglio-jaiminho"
"354","38.02439","adamatti-node","https://github.com/zanfranceschi/rinha-de-backend-2024-q1/tree/main/participantes/adamatti-node"
"355","38.146341","mateusdeitos-php-swoole","https://github.com/zanfranceschi/rinha-de-backend-2024-q1/tree/main/participantes/mateusdeitos-php-swoole"
"356","38.634146","hfurlan-java-transacao-particionada","https://github.com/zanfranceschi/rinha-de-backend-2024-q1/tree/main/participantes/hfurlan-java-transacao-particionada"
"357","38.658537","carijo-slim","https://github.com/zanfranceschi/rinha-de-backend-2024-q1/tree/main/participantes/carijo-slim"
"358","38.723577","wosteimer","https://github.com/zanfranceschi/rinha-de-backend-2024-q1/tree/main/participantes/wosteimer"
"359","39.569106","diegoalexandrooliveira","https://github.com/zanfranceschi/rinha-de-backend-2024-q1/tree/main/participantes/diegoalexandrooliveira"
"360","40.682927","rdenadai_rust","https://github.com/zanfranceschi/rinha-de-backend-2024-q1/tree/main/participantes/rdenadai_rust"
"361","40.813008","rmauro-postgresql-yarp","https://github.com/zanfranceschi/rinha-de-backend-2024-q1/tree/main/participantes/rmauro-postgresql-yarp"
"362","41.422764","alcides-kotlin","https://github.com/zanfranceschi/rinha-de-backend-2024-q1/tree/main/participantes/alcides-kotlin"
"363","41.95935","ramonmelod-node-express","https://github.com/zanfranceschi/rinha-de-backend-2024-q1/tree/main/participantes/ramonmelod-node-express"
"364","41.98374","adriano-moreira","https://github.com/zanfranceschi/rinha-de-backend-2024-q1/tree/main/participantes/adriano-moreira"
"365","42.162602","erickreis","https://github.com/zanfranceschi/rinha-de-backend-2024-q1/tree/main/participantes/erickreis"
"366","42.642276","ddanielsantos","https://github.com/zanfranceschi/rinha-de-backend-2024-q1/tree/main/participantes/ddanielsantos"
"367","42.731707","ddanielvaz-cpp-qt","https://github.com/zanfranceschi/rinha-de-backend-2024-q1/tree/main/participantes/ddanielvaz-cpp-qt"
"368","43.243902","juniorleaoo-lbk","https://github.com/zanfranceschi/rinha-de-backend-2024-q1/tree/main/participantes/juniorleaoo-lbk"
"369","43.626016","pedroter7","https://github.com/zanfranceschi/rinha-de-backend-2024-q1/tree/main/participantes/pedroter7"
"370","43.934959","filipemacedo","https://github.com/zanfranceschi/rinha-de-backend-2024-q1/tree/main/participantes/filipemacedo"
"371","44.170732","noriller-3","https://github.com/zanfranceschi/rinha-de-backend-2024-q1/tree/main/participantes/noriller-3"
"372","44.674797","acerola","https://github.com/zanfranceschi/rinha-de-backend-2024-q1/tree/main/participantes/acerola"
"373","45.308943","jefersonbaixo","https://github.com/zanfranceschi/rinha-de-backend-2024-q1/tree/main/participantes/jefersonbaixo"
"374","46.138211","m-lnrs-async-python","https://github.com/zanfranceschi/rinha-de-backend-2024-q1/tree/main/participantes/m-lnrs-async-python"
"375","46.154472","juliotsutsui-node","https://github.com/zanfranceschi/rinha-de-backend-2024-q1/tree/main/participantes/juliotsutsui-node"
"376","46.414634","mateuscolvr","https://github.com/zanfranceschi/rinha-de-backend-2024-q1/tree/main/participantes/mateuscolvr"
"377","46.544715","rhsobr-bun","https://github.com/zanfranceschi/rinha-de-backend-2024-q1/tree/main/participantes/rhsobr-bun"
"378","46.560976","victornfb","https://github.com/zanfranceschi/rinha-de-backend-2024-q1/tree/main/participantes/victornfb"
"379","46.650407","santannaf_webflux","https://github.com/zanfranceschi/rinha-de-backend-2024-q1/tree/main/participantes/santannaf_webflux"
"380","48.04065","gcrispino-pgx","https://github.com/zanfranceschi/rinha-de-backend-2024-q1/tree/main/participantes/gcrispino-pgx"
"381","48.642276","ruhtar","https://github.com/zanfranceschi/rinha-de-backend-2024-q1/tree/main/participantes/ruhtar"
"382","50.357724","eddcp-nodejs","https://github.com/zanfranceschi/rinha-de-backend-2024-q1/tree/main/participantes/eddcp-nodejs"
"383","50.512195","noriller-4","https://github.com/zanfranceschi/rinha-de-backend-2024-q1/tree/main/participantes/noriller-4"
"384","51.235772","cairocampos98","https://github.com/zanfranceschi/rinha-de-backend-2024-q1/tree/main/participantes/cairocampos98"
"385","52.593496","sinatrinha-do-povo","https://github.com/zanfranceschi/rinha-de-backend-2024-q1/tree/main/participantes/sinatrinha-do-povo"
"386","52.626016","itujo-minimal-node-uws","https://github.com/zanfranceschi/rinha-de-backend-2024-q1/tree/main/participantes/itujo-minimal-node-uws"
"387","52.772358","vitor_weirich_java_network_host","https://github.com/zanfranceschi/rinha-de-backend-2024-q1/tree/main/participantes/vitor_weirich_java_network_host"
"388","52.95935","deno-cassiogangrel","https://github.com/zanfranceschi/rinha-de-backend-2024-q1/tree/main/participantes/deno-cassiogangrel"
"389","53.227642","santannaf_webflux_wu","https://github.com/zanfranceschi/rinha-de-backend-2024-q1/tree/main/participantes/santannaf_webflux_wu"
"390","53.325203","lobomfz","https://github.com/zanfranceschi/rinha-de-backend-2024-q1/tree/main/participantes/lobomfz"
"391","54.00813","devblack21","https://github.com/zanfranceschi/rinha-de-backend-2024-q1/tree/main/participantes/devblack21"
"392","54.373984","felipma-rust","https://github.com/zanfranceschi/rinha-de-backend-2024-q1/tree/main/participantes/felipma-rust"
"393","54.552846","Edmar-Sousa","https://github.com/zanfranceschi/rinha-de-backend-2024-q1/tree/main/participantes/Edmar-Sousa"
"394","55.113821","rafaelpadovezi-django","https://github.com/zanfranceschi/rinha-de-backend-2024-q1/tree/main/participantes/rafaelpadovezi-django"
"395","55.487805","felipebossolani-dotnet9-preview","https://github.com/zanfranceschi/rinha-de-backend-2024-q1/tree/main/participantes/felipebossolani-dotnet9-preview"
"396","56.02439","noriller-5","https://github.com/zanfranceschi/rinha-de-backend-2024-q1/tree/main/participantes/noriller-5"
"397","56.130081","pedro-azevedo-e-matheus-gomes-nodejs","https://github.com/zanfranceschi/rinha-de-backend-2024-q1/tree/main/participantes/pedro-azevedo-e-matheus-gomes-nodejs"
"398","57.943089","ramondelemos","https://github.com/zanfranceschi/rinha-de-backend-2024-q1/tree/main/participantes/ramondelemos"
"399","58.577236","dagneifilho","https://github.com/zanfranceschi/rinha-de-backend-2024-q1/tree/main/participantes/dagneifilho"
"400","58.934959","tonico","https://github.com/zanfranceschi/rinha-de-backend-2024-q1/tree/main/participantes/tonico"
"401","59.162602","arrudaricardo-02","https://github.com/zanfranceschi/rinha-de-backend-2024-q1/tree/main/participantes/arrudaricardo-02"
"402","59.764228","mangar-golang","https://github.com/zanfranceschi/rinha-de-backend-2024-q1/tree/main/participantes/mangar-golang"
"403","59.845528","dsinmsdj","https://github.com/zanfranceschi/rinha-de-backend-2024-q1/tree/main/participantes/dsinmsdj"
"404","62.731707","savio04","https://github.com/zanfranceschi/rinha-de-backend-2024-q1/tree/main/participantes/savio04"
"405","63.829268","lipe1994_dotnet_minimal_api","https://github.com/zanfranceschi/rinha-de-backend-2024-q1/tree/main/participantes/lipe1994_dotnet_minimal_api"
"406","64.626016","exemplo","https://github.com/zanfranceschi/rinha-de-backend-2024-q1/tree/main/participantes/exemplo"
"407","64.666667","rodrixl","https://github.com/zanfranceschi/rinha-de-backend-2024-q1/tree/main/participantes/rodrixl"
"408","66.560976","alexsiilvaa","https://github.com/zanfranceschi/rinha-de-backend-2024-q1/tree/main/participantes/alexsiilvaa"
"409","67.268293","geraldojrcg-swift","https://github.com/zanfranceschi/rinha-de-backend-2024-q1/tree/main/participantes/geraldojrcg-swift"
"410","67.406504","emanuel-xavier-rust","https://github.com/zanfranceschi/rinha-de-backend-2024-q1/tree/main/participantes/emanuel-xavier-rust"
"411","67.943089","giovannibassi-vb","https://github.com/zanfranceschi/rinha-de-backend-2024-q1/tree/main/participantes/giovannibassi-vb"
"412","69.073171","matheusdojava","https://github.com/zanfranceschi/rinha-de-backend-2024-q1/tree/main/participantes/matheusdojava"
"413","71.02439","ircnelson","https://github.com/zanfranceschi/rinha-de-backend-2024-q1/tree/main/participantes/ircnelson"
"414","71.146341","rafaelpadovezi-django-orm","https://github.com/zanfranceschi/rinha-de-backend-2024-q1/tree/main/participantes/rafaelpadovezi-django-orm"
"415","72.300813","danilo-nodejs","https://github.com/zanfranceschi/rinha-de-backend-2024-q1/tree/main/participantes/danilo-nodejs"
"416","72.634146","LuisKpBeta","https://github.com/zanfranceschi/rinha-de-backend-2024-q1/tree/main/participantes/LuisKpBeta"
"417","72.910569","tiagorconceicao-node","https://github.com/zanfranceschi/rinha-de-backend-2024-q1/tree/main/participantes/tiagorconceicao-node"
"418","74.487805","robertoseba","https://github.com/zanfranceschi/rinha-de-backend-2024-q1/tree/main/participantes/robertoseba"
"419","77.447154","bbonagura9","https://github.com/zanfranceschi/rinha-de-backend-2024-q1/tree/main/participantes/bbonagura9"
"420","78.626016","hallexcosta-hyperf","https://github.com/zanfranceschi/rinha-de-backend-2024-q1/tree/main/participantes/hallexcosta-hyperf"
"421","78.902439","luan-javalin","https://github.com/zanfranceschi/rinha-de-backend-2024-q1/tree/main/participantes/luan-javalin"
"422","81.105691","vpithan-bun","https://github.com/zanfranceschi/rinha-de-backend-2024-q1/tree/main/participantes/vpithan-bun"
"423","81.268293","glauco-filho-01","https://github.com/zanfranceschi/rinha-de-backend-2024-q1/tree/main/participantes/glauco-filho-01"
"424","82.455285","lipe1994_dotnet","https://github.com/zanfranceschi/rinha-de-backend-2024-q1/tree/main/participantes/lipe1994_dotnet"
"425","82.560976","vhogemann","https://github.com/zanfranceschi/rinha-de-backend-2024-q1/tree/main/participantes/vhogemann"
"426","82.934959","schrammel-bun-prisma","https://github.com/zanfranceschi/rinha-de-backend-2024-q1/tree/main/participantes/schrammel-bun-prisma"
"427","83.463415","tagliatti","https://github.com/zanfranceschi/rinha-de-backend-2024-q1/tree/main/participantes/tagliatti"
"428","84.764228","andre-gbi-aspnet","https://github.com/zanfranceschi/rinha-de-backend-2024-q1/tree/main/participantes/andre-gbi-aspnet"
"429","86.97561","lazaronixon","https://github.com/zanfranceschi/rinha-de-backend-2024-q1/tree/main/participantes/lazaronixon"
"430","89.626016","jjeanjacques10","https://github.com/zanfranceschi/rinha-de-backend-2024-q1/tree/main/participantes/jjeanjacques10"
"431","89.731707","mdamaceno-ada","https://github.com/zanfranceschi/rinha-de-backend-2024-q1/tree/main/participantes/mdamaceno-ada"
"432","95.739837","dionesvfreitas","https://github.com/zanfranceschi/rinha-de-backend-2024-q1/tree/main/participantes/dionesvfreitas"
"433","98.097561","vitorbgs","https://github.com/zanfranceschi/rinha-de-backend-2024-q1/tree/main/participantes/vitorbgs"
"434","99","lucassperez-go-crebito","https://github.com/zanfranceschi/rinha-de-backend-2024-q1/tree/main/participantes/lucassperez-go-crebito"
"435","99.146341","zan-clojure-01","https://github.com/zanfranceschi/rinha-de-backend-2024-q1/tree/main/participantes/zan-clojure-01"
"436","105.95935","cleverton-rocha","https://github.com/zanfranceschi/rinha-de-backend-2024-q1/tree/main/participantes/cleverton-rocha"
"437","108.723577","felipebossolani-dotnet","https://github.com/zanfranceschi/rinha-de-backend-2024-q1/tree/main/participantes/felipebossolani-dotnet"
"438","108.95935","kalelMartinho_fastapi","https://github.com/zanfranceschi/rinha-de-backend-2024-q1/tree/main/participantes/kalelMartinho_fastapi"
"439","116.357724","gabriel-roque","https://github.com/zanfranceschi/rinha-de-backend-2024-q1/tree/main/participantes/gabriel-roque"
"440","121.601626","jorgehrique-dotnet","https://github.com/zanfranceschi/rinha-de-backend-2024-q1/tree/main/participantes/jorgehrique-dotnet"
"441","125.569106","buemura-nestjs","https://github.com/zanfranceschi/rinha-de-backend-2024-q1/tree/main/participantes/buemura-nestjs"
"442","126.04878","leandroaa","https://github.com/zanfranceschi/rinha-de-backend-2024-q1/tree/main/participantes/leandroaa"
"443","126.227642","tomer","https://github.com/zanfranceschi/rinha-de-backend-2024-q1/tree/main/participantes/tomer"
"444","128.447154","lucas_delboni","https://github.com/zanfranceschi/rinha-de-backend-2024-q1/tree/main/participantes/lucas_delboni"
"445","128.934959","thyagopiske-dotnet","https://github.com/zanfranceschi/rinha-de-backend-2024-q1/tree/main/participantes/thyagopiske-dotnet"
"446","138.577236","thiagorigonatti-java-core","https://github.com/zanfranceschi/rinha-de-backend-2024-q1/tree/main/participantes/thiagorigonatti-java-core"
"447","144.089431","brunolipe-a","https://github.com/zanfranceschi/rinha-de-backend-2024-q1/tree/main/participantes/brunolipe-a"
"448","146.146341","gcrispino","https://github.com/zanfranceschi/rinha-de-backend-2024-q1/tree/main/participantes/gcrispino"
"449","148.03252","tonholis-dotnet","https://github.com/zanfranceschi/rinha-de-backend-2024-q1/tree/main/participantes/tonholis-dotnet"
"450","151.382114","gustavofbreunig","https://github.com/zanfranceschi/rinha-de-backend-2024-q1/tree/main/participantes/gustavofbreunig"
"451","158.617886","rafaelpadovezi-mongo","https://github.com/zanfranceschi/rinha-de-backend-2024-q1/tree/main/participantes/rafaelpadovezi-mongo"
"452","168.731707","dowingows-phalcon-php","https://github.com/zanfranceschi/rinha-de-backend-2024-q1/tree/main/participantes/dowingows-phalcon-php"
"453","169.138211","agostinho","https://github.com/zanfranceschi/rinha-de-backend-2024-q1/tree/main/participantes/agostinho"
"454","171.593496","zetos-bun","https://github.com/zanfranceschi/rinha-de-backend-2024-q1/tree/main/participantes/zetos-bun"
"455","189.528455","tortuga","https://github.com/zanfranceschi/rinha-de-backend-2024-q1/tree/main/participantes/tortuga"
"456","192.105691","cleidiano","https://github.com/zanfranceschi/rinha-de-backend-2024-q1/tree/main/participantes/cleidiano"
"457","199.642276","mariofronza-kotlin","https://github.com/zanfranceschi/rinha-de-backend-2024-q1/tree/main/participantes/mariofronza-kotlin"
"458","214.04065","arrudaricardo-01","https://github.com/zanfranceschi/rinha-de-backend-2024-q1/tree/main/participantes/arrudaricardo-01"
"459","233.837398","bbeluco","https://github.com/zanfranceschi/rinha-de-backend-2024-q1/tree/main/participantes/bbeluco"
"460","241.764228","joaojr13","https://github.com/zanfranceschi/rinha-de-backend-2024-q1/tree/main/participantes/joaojr13"
"461","261.463415","franklaercio","https://github.com/zanfranceschi/rinha-de-backend-2024-q1/tree/main/participantes/franklaercio"
"462","262.219512","marcelo-lucas-dotnet-1","https://github.com/zanfranceschi/rinha-de-backend-2024-q1/tree/main/participantes/marcelo-lucas-dotnet-1"
"463","282.601626","viniville-spring-webmvc","https://github.com/zanfranceschi/rinha-de-backend-2024-q1/tree/main/participantes/viniville-spring-webmvc"
"464","295.739837","rafaelpadovezi","https://github.com/zanfranceschi/rinha-de-backend-2024-q1/tree/main/participantes/rafaelpadovezi"
"465","299.406504","viniville-spring-webflux","https://github.com/zanfranceschi/rinha-de-backend-2024-q1/tree/main/participantes/viniville-spring-webflux"
"466","312.878049","daniloflorenzano","https://github.com/zanfranceschi/rinha-de-backend-2024-q1/tree/main/participantes/daniloflorenzano"
"467","313.634146","david-silva","https://github.com/zanfranceschi/rinha-de-backend-2024-q1/tree/main/participantes/david-silva"
"468","337.642276","macielti","https://github.com/zanfranceschi/rinha-de-backend-2024-q1/tree/main/participantes/macielti"
"469","359.113821","carlosdemarco","https://github.com/zanfranceschi/rinha-de-backend-2024-q1/tree/main/participantes/carlosdemarco"
"470","16.422764","kleytonsolinho-golang","https://github.com/zanfranceschi/rinha-de-backend-2024-q1/tree/main/participantes/kleytonsolinho-golang"
"471","29.292683","marcusadriano-go","https://github.com/zanfranceschi/rinha-de-backend-2024-q1/tree/main/participantes/marcusadriano-go"
"472","13.03252","lm-bunsh","https://github.com/zanfranceschi/rinha-de-backend-2024-q1/tree/main/participantes/lm-bunsh"
"473","13.926829","victor-marcolino","https://github.com/zanfranceschi/rinha-de-backend-2024-q1/tree/main/participantes/victor-marcolino"
"474","28.487805","gbfonseca","https://github.com/zanfranceschi/rinha-de-backend-2024-q1/tree/main/participantes/gbfonseca"
"475","38.585366","garodrigues","https://github.com/zanfranceschi/rinha-de-backend-2024-q1/tree/main/participantes/garodrigues"
"476","13.04878","marcoseckart","https://github.com/zanfranceschi/rinha-de-backend-2024-q1/tree/main/participantes/marcoseckart"
"477","13.609756","samluiz","https://github.com/zanfranceschi/rinha-de-backend-2024-q1/tree/main/participantes/samluiz"
"478","14.02439","adrianbueno-rocket","https://github.com/zanfranceschi/rinha-de-backend-2024-q1/tree/main/participantes/adrianbueno-rocket"
"479","14.284553","aysion_bun","https://github.com/zanfranceschi/rinha-de-backend-2024-q1/tree/main/participantes/aysion_bun"
"480","15.95935","marcusxavierr","https://github.com/zanfranceschi/rinha-de-backend-2024-q1/tree/main/participantes/marcusxavierr"
"481","16.113821","PedroHenriquevr","https://github.com/zanfranceschi/rinha-de-backend-2024-q1/tree/main/participantes/PedroHenriquevr"
"482","17.829268","hass-rust","https://github.com/zanfranceschi/rinha-de-backend-2024-q1/tree/main/participantes/hass-rust"
"483","18.284553","breno5g","https://github.com/zanfranceschi/rinha-de-backend-2024-q1/tree/main/participantes/breno5g"
"484","19.243902","williammaia","https://github.com/zanfranceschi/rinha-de-backend-2024-q1/tree/main/participantes/williammaia"
"485","19.96748","viniciusamc-golang","https://github.com/zanfranceschi/rinha-de-backend-2024-q1/tree/main/participantes/viniciusamc-golang"
"486","21.292683","diegomarques-springboot","https://github.com/zanfranceschi/rinha-de-backend-2024-q1/tree/main/participantes/diegomarques-springboot"
"487","21.365854","gwoliveira-no-db-lock","https://github.com/zanfranceschi/rinha-de-backend-2024-q1/tree/main/participantes/gwoliveira-no-db-lock"
"488","22.96748","hfurlan","https://github.com/zanfranceschi/rinha-de-backend-2024-q1/tree/main/participantes/hfurlan"
"489","23.577236","diogoviana","https://github.com/zanfranceschi/rinha-de-backend-2024-q1/tree/main/participantes/diogoviana"
"490","25.666667","julianojj","https://github.com/zanfranceschi/rinha-de-backend-2024-q1/tree/main/participantes/julianojj"
"491","26.065041","rogerbu-java","https://github.com/zanfranceschi/rinha-de-backend-2024-q1/tree/main/participantes/rogerbu-java"
"492","28.252033","PatrickChagastavares","https://github.com/zanfranceschi/rinha-de-backend-2024-q1/tree/main/participantes/PatrickChagastavares"
"493","28.536585","java-cassiogangrel","https://github.com/zanfranceschi/rinha-de-backend-2024-q1/tree/main/participantes/java-cassiogangrel"
"494","30.520325","gabrielfmagalhaes","https://github.com/zanfranceschi/rinha-de-backend-2024-q1/tree/main/participantes/gabrielfmagalhaes"
"495","33.373984","leoggo_golang","https://github.com/zanfranceschi/rinha-de-backend-2024-q1/tree/main/participantes/leoggo_golang"
"496","34.471545","heitor-ps","https://github.com/zanfranceschi/rinha-de-backend-2024-q1/tree/main/participantes/heitor-ps"
"497","36.585366","rafaelleoni","https://github.com/zanfranceschi/rinha-de-backend-2024-q1/tree/main/participantes/rafaelleoni"
"498","38.276423","ptrecenti","https://github.com/zanfranceschi/rinha-de-backend-2024-q1/tree/main/participantes/ptrecenti"
"499","39.642276","leoggo_rust","https://github.com/zanfranceschi/rinha-de-backend-2024-q1/tree/main/participantes/leoggo_rust"
"500","39.650407","NathanFirmo","https://github.com/zanfranceschi/rinha-de-backend-2024-q1/tree/main/participantes/NathanFirmo"
"501","40.422764","jonattas_bunjs","https://github.com/zanfranceschi/rinha-de-backend-2024-q1/tree/main/participantes/jonattas_bunjs"
"502","43.382114","eu_fountai","https://github.com/zanfranceschi/rinha-de-backend-2024-q1/tree/main/participantes/eu_fountai"
"503","44.00813","BrayaOrtega","https://github.com/zanfranceschi/rinha-de-backend-2024-q1/tree/main/participantes/BrayaOrtega"
"504","47.243902","yMarceloMaia","https://github.com/zanfranceschi/rinha-de-backend-2024-q1/tree/main/participantes/yMarceloMaia"
"505","59.195122","biigode","https://github.com/zanfranceschi/rinha-de-backend-2024-q1/tree/main/participantes/biigode"
"506","79.121951","aysion_nodejs","https://github.com/zanfranceschi/rinha-de-backend-2024-q1/tree/main/participantes/aysion_nodejs"
"507","84.658537","glauberborges","https://github.com/zanfranceschi/rinha-de-backend-2024-q1/tree/main/participantes/glauberborges"
"508","85.772358","luizfrra","https://github.com/zanfranceschi/rinha-de-backend-2024-q1/tree/main/participantes/luizfrra"
"509","87.878049","lukaskj-ts","https://github.com/zanfranceschi/rinha-de-backend-2024-q1/tree/main/participantes/lukaskj-ts"
"510","93.626016","direisc","https://github.com/zanfranceschi/rinha-de-backend-2024-q1/tree/main/participantes/direisc"
"511","106.512195","josebaroni-postgrest","https://github.com/zanfranceschi/rinha-de-backend-2024-q1/tree/main/participantes/josebaroni-postgrest"
"512","168.02439","accerqueira-redbean-atw-down","https://github.com/zanfranceschi/rinha-de-backend-2024-q1/tree/main/participantes/accerqueira-redbean-atw-down"
"513","240.609756","samuelfr7","https://github.com/zanfranceschi/rinha-de-backend-2024-q1/tree/main/participantes/samuelfr7"
"514","257.609756","thiagosantana","https://github.com/zanfranceschi/rinha-de-backend-2024-q1/tree/main/participantes/thiagosantana"
"515","16.577236","nicolasmmb","https://github.com/zanfranceschi/rinha-de-backend-2024-q1/tree/main/participantes/nicolasmmb"
"516","19.04878","fabiokleis","https://github.com/zanfranceschi/rinha-de-backend-2024-q1/tree/main/participantes/fabiokleis"
"517","21.333333","vkobinski","https://github.com/zanfranceschi/rinha-de-backend-2024-q1/tree/main/participantes/vkobinski"
"518","30.398374","renanvm","https://github.com/zanfranceschi/rinha-de-backend-2024-q1/tree/main/participantes/renanvm"
"519","64.081301","ydotnet","https://github.com/zanfranceschi/rinha-de-backend-2024-q1/tree/main/participantes/ydotnet"
"520","10.585366","omurilo-perl","https://github.com/zanfranceschi/rinha-de-backend-2024-q1/tree/main/participantes/omurilo-perl"
"521","11.268293","pedrohenriquea","https://github.com/zanfranceschi/rinha-de-backend-2024-q1/tree/main/participantes/pedrohenriquea"
"522","36.471545","cleverson-flask","https://github.com/zanfranceschi/rinha-de-backend-2024-q1/tree/main/participantes/cleverson-flask"
"523","50.170732","gutkedu-nodejs","https://github.com/zanfranceschi/rinha-de-backend-2024-q1/tree/main/participantes/gutkedu-nodejs"
"524","17.804878","geffersonFerraz-http3","https://github.com/zanfranceschi/rinha-de-backend-2024-q1/tree/main/participantes/geffersonFerraz-http3"
"525","16.666667","bcaua","https://github.com/zanfranceschi/rinha-de-backend-2024-q1/tree/main/participantes/bcaua"
"526","17.829268","raphaelmonticello","https://github.com/zanfranceschi/rinha-de-backend-2024-q1/tree/main/participantes/raphaelmonticello"
"527","13.764228","alexandrepossebom-golang","https://github.com/zanfranceschi/rinha-de-backend-2024-q1/tree/main/participantes/alexandrepossebom-golang"
"528","18.02439","geffersonFerraz-http2","https://github.com/zanfranceschi/rinha-de-backend-2024-q1/tree/main/participantes/geffersonFerraz-http2"
"529","259.788618","guimadev-kotlin","https://github.com/zanfranceschi/rinha-de-backend-2024-q1/tree/main/participantes/guimadev-kotlin"
"530","15.837398","erickcestari","https://github.com/zanfranceschi/rinha-de-backend-2024-q1/tree/main/participantes/erickcestari"
"531","19.211382","lucasSSalgadov2","https://github.com/zanfranceschi/rinha-de-backend-2024-q1/tree/main/participantes/lucasSSalgadov2"
"532","21.585366","rof20004","https://github.com/zanfranceschi/rinha-de-backend-2024-q1/tree/main/participantes/rof20004"
"533","22.609756","rigottig","https://github.com/zanfranceschi/rinha-de-backend-2024-q1/tree/main/participantes/rigottig"
"534","58.398374","erick-lucca-nodejs","https://github.com/zanfranceschi/rinha-de-backend-2024-q1/tree/main/participantes/erick-lucca-nodejs"
"535","204.99187","victorverdoodt","https://github.com/zanfranceschi/rinha-de-backend-2024-q1/tree/main/participantes/victorverdoodt"
"536","10.260163","hstreb-vertx","https://github.com/zanfranceschi/rinha-de-backend-2024-q1/tree/main/participantes/hstreb-vertx"
"537","38.121951","paulohenriquesn-python","https://github.com/zanfranceschi/rinha-de-backend-2024-q1/tree/main/participantes/paulohenriquesn-python"
"538","47.747967","g-otn","https://github.com/zanfranceschi/rinha-de-backend-2024-q1/tree/main/participantes/g-otn"
"539","13.764228","matheusfbosa","https://github.com/zanfranceschi/rinha-de-backend-2024-q1/tree/main/participantes/matheusfbosa"
"540","35.138211","mateus4k","https://github.com/zanfranceschi/rinha-de-backend-2024-q1/tree/main/participantes/mateus4k"
"541","35.292683","victor-macedo","https://github.com/zanfranceschi/rinha-de-backend-2024-q1/tree/main/participantes/victor-macedo"
"542","72.365854","emiliosheinz-fumegalli-node","https://github.com/zanfranceschi/rinha-de-backend-2024-q1/tree/main/participantes/emiliosheinz-fumegalli-node"
"543","9.569106","arthur-rust-go-c","https://github.com/zanfranceschi/rinha-de-backend-2024-q1/tree/main/participantes/arthur-rust-go-c"
"544","34.666667","vitorrt-nodejs","https://github.com/zanfranceschi/rinha-de-backend-2024-q1/tree/main/participantes/vitorrt-nodejs"
"545","19.869919","lucianovilela","https://github.com/zanfranceschi/rinha-de-backend-2024-q1/tree/main/participantes/lucianovilela"
"546","20.666667","vitorlacerda-golang","https://github.com/zanfranceschi/rinha-de-backend-2024-q1/tree/main/participantes/vitorlacerda-golang"
"547","75.617886","AlcivanLucas","https://github.com/zanfranceschi/rinha-de-backend-2024-q1/tree/main/participantes/AlcivanLucas"
"548","13.373984","KitsuneSemCalda","https://github.com/zanfranceschi/rinha-de-backend-2024-q1/tree/main/participantes/KitsuneSemCalda"
"549","15.065041","viniciusnrg","https://github.com/zanfranceschi/rinha-de-backend-2024-q1/tree/main/participantes/viniciusnrg"
"550","23.203252","claudio-silva","https://github.com/zanfranceschi/rinha-de-backend-2024-q1/tree/main/participantes/claudio-silva"
"551","123.056911","andersonef","https://github.com/zanfranceschi/rinha-de-backend-2024-q1/tree/main/participantes/andersonef"
"552","165.544715","leosima_dotnet","https://github.com/zanfranceschi/rinha-de-backend-2024-q1/tree/main/participantes/leosima_dotnet"
"553","10.650407","raiane-dev","https://github.com/zanfranceschi/rinha-de-backend-2024-q1/tree/main/participantes/raiane-dev"
"554","14.788618","gustavo-node","https://github.com/zanfranceschi/rinha-de-backend-2024-q1/tree/main/participantes/gustavo-node"
"555","26.902439","rdenadai_python","https://github.com/zanfranceschi/rinha-de-backend-2024-q1/tree/main/participantes/rdenadai_python"
"556","13.02439","abel-golang","https://github.com/zanfranceschi/rinha-de-backend-2024-q1/tree/main/participantes/abel-golang"
"557","13.365854","isaquealves","https://github.com/zanfranceschi/rinha-de-backend-2024-q1/tree/main/participantes/isaquealves"
"558","36.801802","andersonfernandes-ruby","https://github.com/zanfranceschi/rinha-de-backend-2024-q1/tree/main/participantes/andersonfernandes-ruby"
"559","24.105691","diego-coronel","https://github.com/zanfranceschi/rinha-de-backend-2024-q1/tree/main/participantes/diego-coronel"
"560","14.95122","marcelo-python-async","https://github.com/zanfranceschi/rinha-de-backend-2024-q1/tree/main/participantes/marcelo-python-async"
"561","43.829268","yanpgabriel","https://github.com/zanfranceschi/rinha-de-backend-2024-q1/tree/main/participantes/yanpgabriel"
"562","68.796748","vyctorguimaraes","https://github.com/zanfranceschi/rinha-de-backend-2024-q1/tree/main/participantes/vyctorguimaraes"
"563","18.227642","whyakari","https://github.com/zanfranceschi/rinha-de-backend-2024-q1/tree/main/participantes/whyakari"
"564","46.95122","yanpitangui","https://github.com/zanfranceschi/rinha-de-backend-2024-q1/tree/main/participantes/yanpitangui"
"565","75.162602","albert-js","https://github.com/zanfranceschi/rinha-de-backend-2024-q1/tree/main/participantes/albert-js"
"566","55.455285","vgdss","https://github.com/zanfranceschi/rinha-de-backend-2024-q1/tree/main/participantes/vgdss"
"567","31.878049","newton","https://github.com/zanfranceschi/rinha-de-backend-2024-q1/tree/main/participantes/newton"
"568","121.715447","acdesouza","https://github.com/zanfranceschi/rinha-de-backend-2024-q1/tree/main/participantes/acdesouza"
"569","50.666667","chipytux","https://github.com/zanfranceschi/rinha-de-backend-2024-q1/tree/main/participantes/chipytux"
"570","92.821138","victor99z","https://github.com/zanfranceschi/rinha-de-backend-2024-q1/tree/main/participantes/victor99z"
"571","31.829268","marincor","https://github.com/zanfranceschi/rinha-de-backend-2024-q1/tree/main/participantes/marincor"
"572","26.528455","wladneto","https://github.com/zanfranceschi/rinha-de-backend-2024-q1/tree/main/participantes/wladneto"
"573","261.422764","avelfir-java","https://github.com/zanfranceschi/rinha-de-backend-2024-q1/tree/main/participantes/avelfir-java"
"574","18.739837","ecsbjunior-actix-rust","https://github.com/zanfranceschi/rinha-de-backend-2024-q1/tree/main/participantes/ecsbjunior-actix-rust"
"575","49.626016","itujo","https://github.com/zanfranceschi/rinha-de-backend-2024-q1/tree/main/participantes/itujo"
"576","181.552846","dridev_java","https://github.com/zanfranceschi/rinha-de-backend-2024-q1/tree/main/participantes/dridev_java"
"577","22.121951","nyxawaits","https://github.com/zanfranceschi/rinha-de-backend-2024-q1/tree/main/participantes/nyxawaits"
"578","53.056911","gabriel-accetta","https://github.com/zanfranceschi/rinha-de-backend-2024-q1/tree/main/participantes/gabriel-accetta"
"579","84.837398","my_way","https://github.com/zanfranceschi/rinha-de-backend-2024-q1/tree/main/participantes/my_way"
"580","24.268293","caique","https://github.com/zanfranceschi/rinha-de-backend-2024-q1/tree/main/participantes/caique"
"581","85.821138","wesleyricardi-rust","https://github.com/zanfranceschi/rinha-de-backend-2024-q1/tree/main/participantes/wesleyricardi-rust"
"582","118.268293","henriqueccapozzi-django-01","https://github.com/zanfranceschi/rinha-de-backend-2024-q1/tree/main/participantes/henriqueccapozzi-django-01"
"583","278.650407","vitorlacerda-dotnet","https://github.com/zanfranceschi/rinha-de-backend-2024-q1/tree/main/participantes/vitorlacerda-dotnet"
"584","13.201681","guaracy-nim","https://github.com/zanfranceschi/rinha-de-backend-2024-q1/tree/main/participantes/guaracy-nim"
"585","44.292683","gustavo-node-v2","https://github.com/zanfranceschi/rinha-de-backend-2024-q1/tree/main/participantes/gustavo-node-v2"
"586","55.105691","kaikelfalcao","https://github.com/zanfranceschi/rinha-de-backend-2024-q1/tree/main/participantes/kaikelfalcao"
"587","16.97561","emanuel-xavier","https://github.com/zanfranceschi/rinha-de-backend-2024-q1/tree/main/participantes/emanuel-xavier"
"588","204.528455","fabianoflorentino","https://github.com/zanfranceschi/rinha-de-backend-2024-q1/tree/main/participantes/fabianoflorentino"
"589","19.528455","olukkas","https://github.com/zanfranceschi/rinha-de-backend-2024-q1/tree/main/participantes/olukkas"
"590","177.577236","thiper01-fastapi","https://github.com/zanfranceschi/rinha-de-backend-2024-q1/tree/main/participantes/thiper01-fastapi"
"591","30.365854","elioenaiferrari-rust","https://github.com/zanfranceschi/rinha-de-backend-2024-q1/tree/main/participantes/elioenaiferrari-rust"
"592","9.640777","allissonazevedo-golang","https://github.com/zanfranceschi/rinha-de-backend-2024-q1/tree/main/participantes/allissonazevedo-golang"
"593","26.097087","udleinati","https://github.com/zanfranceschi/rinha-de-backend-2024-q1/tree/main/participantes/udleinati"
"594","55.291262","fernanduandrade","https://github.com/zanfranceschi/rinha-de-backend-2024-q1/tree/main/participantes/fernanduandrade"
"595","171.065041","mpupolv-python","https://github.com/zanfranceschi/rinha-de-backend-2024-q1/tree/main/participantes/mpupolv-python"
"596","41.065041","rmauro","https://github.com/zanfranceschi/rinha-de-backend-2024-q1/tree/main/participantes/rmauro"
"597","20.162602","krymancer-zig","https://github.com/zanfranceschi/rinha-de-backend-2024-q1/tree/main/participantes/krymancer-zig"
"598","68.341463","hiroshimorowaka","https://github.com/zanfranceschi/rinha-de-backend-2024-q1/tree/main/participantes/hiroshimorowaka"
"599","107.056911","guihbc","https://github.com/zanfranceschi/rinha-de-backend-2024-q1/tree/main/participantes/guihbc"
"600","88.390244","josimarz-golang","https://github.com/zanfranceschi/rinha-de-backend-2024-q1/tree/main/participantes/josimarz-golang"
"601","34.934959","devkemc-node","https://github.com/zanfranceschi/rinha-de-backend-2024-q1/tree/main/participantes/devkemc-node"
"602","72.262136","sudo-victor-js","https://github.com/zanfranceschi/rinha-de-backend-2024-q1/tree/main/participantes/sudo-victor-js"
"603","19.829268","isadora-souza","https://github.com/zanfranceschi/rinha-de-backend-2024-q1/tree/main/participantes/isadora-souza"
"604","52.292683","adrian-e-henrique","https://github.com/zanfranceschi/rinha-de-backend-2024-q1/tree/main/participantes/adrian-e-henrique"
"605","717.373984","ives-samuel-powershell","https://github.com/zanfranceschi/rinha-de-backend-2024-q1/tree/main/participantes/ives-samuel-powershell"
"606","14.98374","richardnfag-vernal","https://github.com/zanfranceschi/rinha-de-backend-2024-q1/tree/main/participantes/richardnfag-vernal"
"607","13869.260504","jojodev","https://github.com/zanfranceschi/rinha-de-backend-2024-q1/tree/main/participantes/jojodev"
"608","135.853659","lucasew-go-tigerbeetle","https://github.com/zanfranceschi/rinha-de-backend-2024-q1/tree/main/participantes/lucasew-go-tigerbeetle"
"609","29.081301","sergipebackend-java","https://github.com/zanfranceschi/rinha-de-backend-2024-q1/tree/main/participantes/sergipebackend-java"
"610","19.536585","LeGustaLagosta","https://github.com/zanfranceschi/rinha-de-backend-2024-q1/tree/main/participantes/LeGustaLagosta"
"611","645.593496","maxel-uds","https://github.com/zanfranceschi/rinha-de-backend-2024-q1/tree/main/participantes/maxel-uds"
"612","166.349593","thiper01-django","https://github.com/zanfranceschi/rinha-de-backend-2024-q1/tree/main/participantes/thiper01-django"
"613","93.910569","Fabricio-net8","https://github.com/zanfranceschi/rinha-de-backend-2024-q1/tree/main/participantes/Fabricio-net8"
"614","357.569106","andre1999lopes","https://github.com/zanfranceschi/rinha-de-backend-2024-q1/tree/main/participantes/andre1999lopes"
"615","100.00813","marcosprado-java-micronaut","https://github.com/zanfranceschi/rinha-de-backend-2024-q1/tree/main/participantes/marcosprado-java-micronaut"
"616","59.626016","alissonsleal","https://github.com/zanfranceschi/rinha-de-backend-2024-q1/tree/main/participantes/alissonsleal"
"617","66.341463","emanuel-ac-iroot-tech","https://github.com/zanfranceschi/rinha-de-backend-2024-q1/tree/main/participantes/emanuel-ac-iroot-tech"
"618","29.910569","andreluizsgf","https://github.com/zanfranceschi/rinha-de-backend-2024-q1/tree/main/participantes/andreluizsgf"
"619","67.097561","matheuslao","https://github.com/zanfranceschi/rinha-de-backend-2024-q1/tree/main/participantes/matheuslao"
"620","90.186992","jairoandre","https://github.com/zanfranceschi/rinha-de-backend-2024-q1/tree/main/participantes/jairoandre"
"621","49.252033","rmauro-mysql-yarp","https://github.com/zanfranceschi/rinha-de-backend-2024-q1/tree/main/participantes/rmauro-mysql-yarp"
"622","106.813008","FaelLima98","https://github.com/zanfranceschi/rinha-de-backend-2024-q1/tree/main/participantes/FaelLima98"
"623","70.918699","julioriffel-django","https://github.com/zanfranceschi/rinha-de-backend-2024-q1/tree/main/participantes/julioriffel-django"
"624","120.609756","erick-oda-rust","https://github.com/zanfranceschi/rinha-de-backend-2024-q1/tree/main/participantes/erick-oda-rust"
"625","23.447154","ronistone-go","https://github.com/zanfranceschi/rinha-de-backend-2024-q1/tree/main/participantes/ronistone-go"
"626","12.471545","flpStrri","https://github.com/zanfranceschi/rinha-de-backend-2024-q1/tree/main/participantes/flpStrri"
"627","140.162602","dscorzoni-fastapi","https://github.com/zanfranceschi/rinha-de-backend-2024-q1/tree/main/participantes/dscorzoni-fastapi"
"628","68.528455","ELESBAO","https://github.com/zanfranceschi/rinha-de-backend-2024-q1/tree/main/participantes/ELESBAO"
"629","42.821138","hendrikaraujo","https://github.com/zanfranceschi/rinha-de-backend-2024-q1/tree/main/participantes/hendrikaraujo"
"630","59.504065","brunodelucasbarbosa","https://github.com/zanfranceschi/rinha-de-backend-2024-q1/tree/main/participantes/brunodelucasbarbosa"
"631","58.455285","thiagosantana_go","https://github.com/zanfranceschi/rinha-de-backend-2024-q1/tree/main/participantes/thiagosantana_go"
"632","417.512195","andre-lucas-io","https://github.com/zanfranceschi/rinha-de-backend-2024-q1/tree/main/participantes/andre-lucas-io"
"633","128.878049","dscorzoni-django","https://github.com/zanfranceschi/rinha-de-backend-2024-q1/tree/main/participantes/dscorzoni-django"
"634","49.918699","lucasdev2005","https://github.com/zanfranceschi/rinha-de-backend-2024-q1/tree/main/participantes/lucasdev2005"
"635","290.056911","danilosiqueira","https://github.com/zanfranceschi/rinha-de-backend-2024-q1/tree/main/participantes/danilosiqueira"
"636","204.634146","ilosamart","https://github.com/zanfranceschi/rinha-de-backend-2024-q1/tree/main/participantes/ilosamart"
"637","225.902439","luanfrj-camel","https://github.com/zanfranceschi/rinha-de-backend-2024-q1/tree/main/participantes/luanfrj-camel"
"638","184.487805","saulomendonca-rails","https://github.com/zanfranceschi/rinha-de-backend-2024-q1/tree/main/participantes/saulomendonca-rails"
"639","101.869919","fabianoaono-java","https://github.com/zanfranceschi/rinha-de-backend-2024-q1/tree/main/participantes/fabianoaono-java"
"640","92.227642","ritilopes","https://github.com/zanfranceschi/rinha-de-backend-2024-q1/tree/main/participantes/ritilopes"
"641","88.642276","anderkonzen","https://github.com/zanfranceschi/rinha-de-backend-2024-q1/tree/main/participantes/anderkonzen"
"642","422.926829","vitorascorrea","https://github.com/zanfranceschi/rinha-de-backend-2024-q1/tree/main/participantes/vitorascorrea"
"643","359.536585","joaopaulosg","https://github.com/zanfranceschi/rinha-de-backend-2024-q1/tree/main/participantes/joaopaulosg"
"644","60.105691","jairoandre-maggie","https://github.com/zanfranceschi/rinha-de-backend-2024-q1/tree/main/participantes/jairoandre-maggie"
"645","11255.414634","jonatasoli","https://github.com/zanfranceschi/rinha-de-backend-2024-q1/tree/main/participantes/jonatasoli"
"646","148.243902","nicholasboari-spring","https://github.com/zanfranceschi/rinha-de-backend-2024-q1/tree/main/participantes/nicholasboari-spring"
"647","17.626016","nicolasmmb-dart","https://github.com/zanfranceschi/rinha-de-backend-2024-q1/tree/main/participantes/nicolasmmb-dart"
"648","199.910569","efraim-santana","https://github.com/zanfranceschi/rinha-de-backend-2024-q1/tree/main/participantes/efraim-santana"
"649","19891.893204","rud-nodejs","https://github.com/zanfranceschi/rinha-de-backend-2024-q1/tree/main/participantes/rud-nodejs"
"650","17.407767","vinicius-julio","https://github.com/zanfranceschi/rinha-de-backend-2024-q1/tree/main/participantes/vinicius-julio"
"651","86.804878","panisset-rafael","https://github.com/zanfranceschi/rinha-de-backend-2024-q1/tree/main/participantes/panisset-rafael"
"652","350.186992","henriqueholtz","https://github.com/zanfranceschi/rinha-de-backend-2024-q1/tree/main/participantes/henriqueholtz"
"653","502.691057","gabrielhsferreira","https://github.com/zanfranceschi/rinha-de-backend-2024-q1/tree/main/participantes/gabrielhsferreira"
"654","175.601626","adamatti-bun","https://github.com/zanfranceschi/rinha-de-backend-2024-q1/tree/main/participantes/adamatti-bun"
"655","58.585366","lucasmancan","https://github.com/zanfranceschi/rinha-de-backend-2024-q1/tree/main/participantes/lucasmancan"
"656","142.682927","suricat89-mongodb","https://github.com/zanfranceschi/rinha-de-backend-2024-q1/tree/main/participantes/suricat89-mongodb"
"657","174.764228","jcrjuliano","https://github.com/zanfranceschi/rinha-de-backend-2024-q1/tree/main/participantes/jcrjuliano"
"658","182.886179","oneabrante","https://github.com/zanfranceschi/rinha-de-backend-2024-q1/tree/main/participantes/oneabrante"
"659","163.95935","suricat89-postgres","https://github.com/zanfranceschi/rinha-de-backend-2024-q1/tree/main/participantes/suricat89-postgres"
"660","273.121951","danielmorello-java","https://github.com/zanfranceschi/rinha-de-backend-2024-q1/tree/main/participantes/danielmorello-java"
"661","29.15534","mateusdeitos-node","https://github.com/zanfranceschi/rinha-de-backend-2024-q1/tree/main/participantes/mateusdeitos-node"
"662","11.495146","joaovds","https://github.com/zanfranceschi/rinha-de-backend-2024-q1/tree/main/participantes/joaovds"
"663","14.213592","felipelaraujo","https://github.com/zanfranceschi/rinha-de-backend-2024-q1/tree/main/participantes/felipelaraujo"
"664","511.941748","klimber","https://github.com/zanfranceschi/rinha-de-backend-2024-q1/tree/main/participantes/klimber"
"665","292.463415","Vagnerlg","https://github.com/zanfranceschi/rinha-de-backend-2024-q1/tree/main/participantes/Vagnerlg"
"666","169.382114","accerqueira-bash","https://github.com/zanfranceschi/rinha-de-backend-2024-q1/tree/main/participantes/accerqueira-bash"
"667","69.813008","juniorzucareli-dotnet","https://github.com/zanfranceschi/rinha-de-backend-2024-q1/tree/main/participantes/juniorzucareli-dotnet"
"668","7742.902439","canabrava","https://github.com/zanfranceschi/rinha-de-backend-2024-q1/tree/main/participantes/canabrava"
"669","315.943089","adamatti-golang","https://github.com/zanfranceschi/rinha-de-backend-2024-q1/tree/main/participantes/adamatti-golang"
"670","306.764228","lipe1994_spring","https://github.com/zanfranceschi/rinha-de-backend-2024-q1/tree/main/participantes/lipe1994_spring"
"671","397.130081","fbourguignon","https://github.com/zanfranceschi/rinha-de-backend-2024-q1/tree/main/participantes/fbourguignon"
"672","70.626016","dreamagici4n","https://github.com/zanfranceschi/rinha-de-backend-2024-q1/tree/main/participantes/dreamagici4n"
"673","92.31068","dridev","https://github.com/zanfranceschi/rinha-de-backend-2024-q1/tree/main/participantes/dridev"
"674","524.178862","joao0212","https://github.com/zanfranceschi/rinha-de-backend-2024-q1/tree/main/participantes/joao0212"
"675","1884.92233","boaglio-canabrava-procs","https://github.com/zanfranceschi/rinha-de-backend-2024-q1/tree/main/participantes/boaglio-canabrava-procs"
"676","340.407767","gilbertojnj-java","https://github.com/zanfranceschi/rinha-de-backend-2024-q1/tree/main/participantes/gilbertojnj-java"
"677","26.910569","mdssjc-springboot-java","https://github.com/zanfranceschi/rinha-de-backend-2024-q1/tree/main/participantes/mdssjc-springboot-java"
"678","219.00813","nielsonrolim-ror","https://github.com/zanfranceschi/rinha-de-backend-2024-q1/tree/main/participantes/nielsonrolim-ror"
"679","46.07767","erickmarx","https://github.com/zanfranceschi/rinha-de-backend-2024-q1/tree/main/participantes/erickmarx"
"680","5899.213592","gianimpronta-springboot","https://github.com/zanfranceschi/rinha-de-backend-2024-q1/tree/main/participantes/gianimpronta-springboot"
"681","3686.359223","mourishitz-nest-js","https://github.com/zanfranceschi/rinha-de-backend-2024-q1/tree/main/participantes/mourishitz-nest-js"
"682","175.786408","ygorcarmo","https://github.com/zanfranceschi/rinha-de-backend-2024-q1/tree/main/participantes/ygorcarmo"
"683","28.485437","eigr","https://github.com/zanfranceschi/rinha-de-backend-2024-q1/tree/main/participantes/eigr"
"684","161.067961","claudioneves1981","https://github.com/zanfranceschi/rinha-de-backend-2024-q1/tree/main/participantes/claudioneves1981"
"685","10.572816","delzin","https://github.com/zanfranceschi/rinha-de-backend-2024-q1/tree/main/participantes/delzin"
"686","28547.427184","felipefrmelo","https://github.com/zanfranceschi/rinha-de-backend-2024-q1/tree/main/participantes/felipefrmelo"
"687","232.15534","williansugiyama","https://github.com/zanfranceschi/rinha-de-backend-2024-q1/tree/main/participantes/williansugiyama"